"dataset","variable","n","b","b_star","statistic","se","se_ratio"
"cdlinks-baseline","Emissions|CO2",9,3,5,"min",1207.547617264,0.78499001446179
"cdlinks-baseline","Emissions|CO2",9,3,5,"max",1707.46874598429,0.88590295271132
"cdlinks-baseline","Emissions|CO2",9,3,5,"median",2329.858040431,1.81080357501124
"cdlinks-baseline","Emissions|CO2",9,3,5,"range",1786.41440268683,0.792989344372979
"cdlinks-baseline","Emissions|CO2",9,3,5,"mean",1915.12469050507,1.22720173418454
"cdlinks-baseline","Emissions|CO2",9,3,5,"iqr",1547.0802544132,0.4891877523168
"cdlinks-baseline","Emissions|CO2",9,4,5,"min",1420.12122398468,0.923177657108913
"cdlinks-baseline","Emissions|CO2",9,4,5,"max",1937.57191331655,1.00528966233473
"cdlinks-baseline","Emissions|CO2",9,4,5,"median",1946.61040142112,1.51293727466561
"cdlinks-baseline","Emissions|CO2",9,4,5,"range",2138.37437567495,0.949224374613224
"cdlinks-baseline","Emissions|CO2",9,4,5,"mean",1744.76162886257,1.11803398874989
"cdlinks-baseline","Emissions|CO2",9,4,5,"iqr",2175.229746073,0.687809017805418
"cdlinks-baseline","Emissions|CO2",9,5,5,"min",1538.29678724248,1
"cdlinks-baseline","Emissions|CO2",9,5,5,"max",1927.37674116398,1
"cdlinks-baseline","Emissions|CO2",9,5,5,"median",1286.64316361123,1
"cdlinks-baseline","Emissions|CO2",9,5,5,"range",2252.75965605736,1
"cdlinks-baseline","Emissions|CO2",9,5,5,"mean",1560.56224266798,1
"cdlinks-baseline","Emissions|CO2",9,5,5,"iqr",3162.549035797,1
"cdlinks-baseline","Emissions|CO2",9,6,5,"min",1563.841841917,1.01660606385346
"cdlinks-baseline","Emissions|CO2",9,6,5,"max",1646.01137638045,0.854016415797564
"cdlinks-baseline","Emissions|CO2",9,6,5,"median",1014.91792604535,0.788810724487724
"cdlinks-baseline","Emissions|CO2",9,6,5,"range",2117.06198279511,0.939763803520991
"cdlinks-baseline","Emissions|CO2",9,6,5,"mean",1354.19765547392,0.867762668125779
"cdlinks-baseline","Emissions|CO2",9,6,5,"iqr",2801.82895090501,0.88594008162119
"cdlinks-baseline","Emissions|CO2",9,7,5,"min",1500.56054439247,0.9754688151448
"cdlinks-baseline","Emissions|CO2",9,7,5,"max",1099.44655070212,0.570436763721732
"cdlinks-baseline","Emissions|CO2",9,7,5,"median",397.502059638957,0.308945067973069
"cdlinks-baseline","Emissions|CO2",9,7,5,"range",1775.64857575645,0.788210393852702
"cdlinks-baseline","Emissions|CO2",9,7,5,"mean",1114.68731619142,0.714285714285714
"cdlinks-baseline","Emissions|CO2",9,7,5,"iqr",2169.28399442358,0.685928967383392
"cdlinks-baseline","Emissions|CO2",9,8,5,"min",1305.37386533341,0.848583885865999
"cdlinks-baseline","Emissions|CO2",9,8,5,"max",32.6583628919476,0.0169444624885452
"cdlinks-baseline","Emissions|CO2",9,8,5,"median",250.270542670331,0.194514337578955
"cdlinks-baseline","Emissions|CO2",9,8,5,"range",1301.69491572001,0.577822366544932
"cdlinks-baseline","Emissions|CO2",9,8,5,"mean",824.322386974702,0.528221409205323
"cdlinks-baseline","Emissions|CO2",9,8,5,"iqr",1534.77028339009,0.485295331714379
"cdlinks-baseline","Emissions|CO2|Energy",7,3,4,"min",665.924691361688,1.20725023944475
"cdlinks-baseline","Emissions|CO2|Energy",7,3,4,"max",1853.61801853403,0.890091060475134
"cdlinks-baseline","Emissions|CO2|Energy",7,3,4,"median",1861.48848604413,1.23620335464146
"cdlinks-baseline","Emissions|CO2|Energy",7,3,4,"range",1757.31587458943,0.869264181144771
"cdlinks-baseline","Emissions|CO2|Energy",7,3,4,"mean",1572.8843565642,1.15470053837925
"cdlinks-baseline","Emissions|CO2|Energy",7,3,4,"iqr",1342.17216920893,0.852540458285151
"cdlinks-baseline","Emissions|CO2|Energy",7,4,4,"min",551.60452208149,1
"cdlinks-baseline","Emissions|CO2|Energy",7,4,4,"max",2082.50380308792,1
"cdlinks-baseline","Emissions|CO2|Energy",7,4,4,"median",1505.81090000684,1
"cdlinks-baseline","Emissions|CO2|Energy",7,4,4,"range",2021.61312142776,1
"cdlinks-baseline","Emissions|CO2|Energy",7,4,4,"mean",1362.15780999974,1
"cdlinks-baseline","Emissions|CO2|Energy",7,4,4,"iqr",1574.32079165915,1
"cdlinks-baseline","Emissions|CO2|Energy",7,5,4,"min",507.153920742155,0.919415814120596
"cdlinks-baseline","Emissions|CO2|Energy",7,5,4,"max",2126.45357418179,1.02110429331687
"cdlinks-baseline","Emissions|CO2|Energy",7,5,4,"median",1707.02503342053,1.13362510087606
"cdlinks-baseline","Emissions|CO2|Energy",7,5,4,"range",2088.78367075262,1.03322621356821
"cdlinks-baseline","Emissions|CO2|Energy",7,5,4,"mean",1123.26410587779,0.824621125123532
"cdlinks-baseline","Emissions|CO2|Energy",7,5,4,"iqr",1472.7669336345,0.935493542000659
"cdlinks-baseline","Emissions|CO2|Energy",7,6,4,"min",431.906414467743,0.783000133570219
"cdlinks-baseline","Emissions|CO2|Energy",7,6,4,"max",1948.27079115229,0.935542488932508
"cdlinks-baseline","Emissions|CO2|Energy",7,6,4,"median",1175.84938532177,0.780874534323285
"cdlinks-baseline","Emissions|CO2|Energy",7,6,4,"range",1924.00935788852,0.951719860489277
"cdlinks-baseline","Emissions|CO2|Energy",7,6,4,"mean",837.231632476087,0.61463629715286
"cdlinks-baseline","Emissions|CO2|Energy",7,6,4,"iqr",892.616827347052,0.566985351445648
"cdlinks-baseline","Final Energy|Electricity",9,3,5,"min",6.47522041925739,0.668825581036422
"cdlinks-baseline","Final Energy|Electricity",9,3,5,"max",8.22305656063029,0.607546597804184
"cdlinks-baseline","Final Energy|Electricity",9,3,5,"median",5.26674063554746,0.997196598126595
"cdlinks-baseline","Final Energy|Electricity",9,3,5,"range",9.2704159825299,0.600027079965076
"cdlinks-baseline","Final Energy|Electricity",9,3,5,"mean",7.82278026194302,1.22720173418454
"cdlinks-baseline","Final Energy|Electricity",9,3,5,"iqr",8.02841574452017,1.75492338441457
"cdlinks-baseline","Final Energy|Electricity",9,4,5,"min",8.24404222105333,0.851527202407906
"cdlinks-baseline","Final Energy|Electricity",9,4,5,"max",11.046755166901,0.816170783812788
"cdlinks-baseline","Final Energy|Electricity",9,4,5,"median",4.49759420128612,0.851567591349639
"cdlinks-baseline","Final Energy|Electricity",9,4,5,"range",12.6079213783643,0.816046902678973
"cdlinks-baseline","Final Energy|Electricity",9,4,5,"mean",7.12689199806729,1.11803398874989
"cdlinks-baseline","Final Energy|Electricity",9,4,5,"iqr",6.30911680981329,1.37910354631318
"cdlinks-baseline","Final Energy|Electricity",9,5,5,"min",9.68147840461378,1
"cdlinks-baseline","Final Energy|Electricity",9,5,5,"max",13.5348573925858,1
"cdlinks-baseline","Final Energy|Electricity",9,5,5,"median",5.28154693411704,1
"cdlinks-baseline","Final Energy|Electricity",9,5,5,"range",15.4499959952965,1
"cdlinks-baseline","Final Energy|Electricity",9,5,5,"mean",6.3744859903911,1
"cdlinks-baseline","Final Energy|Electricity",9,5,5,"iqr",4.57479558128881,1
"cdlinks-baseline","Final Energy|Electricity",9,6,5,"min",10.6137967803207,1.09629917423175
"cdlinks-baseline","Final Energy|Electricity",9,6,5,"max",15.2819655493544,1.12908212521882
"cdlinks-baseline","Final Energy|Electricity",9,6,5,"median",4.31440330645524,0.816882508150335
"cdlinks-baseline","Final Energy|Electricity",9,6,5,"range",17.3969671160223,1.12601758093131
"cdlinks-baseline","Final Energy|Electricity",9,6,5,"mean",5.53154097095218,0.867762668125779
"cdlinks-baseline","Final Energy|Electricity",9,6,5,"iqr",3.36903446248856,0.736433880514381
"cdlinks-baseline","Final Energy|Electricity",9,7,5,"min",10.7236903171838,1.10765007873935
"cdlinks-baseline","Final Energy|Electricity",9,7,5,"max",15.7489230870878,1.16358249150928
"cdlinks-baseline","Final Energy|Electricity",9,7,5,"median",4.55951785501926,0.86329212101975
"cdlinks-baseline","Final Energy|Electricity",9,7,5,"range",17.87905845105,1.15722091167486
"cdlinks-baseline","Final Energy|Electricity",9,7,5,"mean",4.55320427885079,0.714285714285714
"cdlinks-baseline","Final Energy|Electricity",9,7,5,"iqr",2.84814084068271,0.622572263628954
"cdlinks-baseline","Final Energy|Electricity",9,8,5,"min",9.51292791215408,0.982590417969699
"cdlinks-baseline","Final Energy|Electricity",9,8,5,"max",14.1507784777354,1.04550628553257
"cdlinks-baseline","Final Energy|Electricity",9,8,5,"median",3.22148800122322,0.609951599674988
"cdlinks-baseline","Final Energy|Electricity",9,8,5,"range",16.0339170229202,1.03779425106656
"cdlinks-baseline","Final Energy|Electricity",9,8,5,"mean",3.36713997280397,0.528221409205322
"cdlinks-baseline","Final Energy|Electricity",9,8,5,"iqr",2.28791373344609,0.500112779422056
"cdlinks-baseline","Final Energy|Gases",9,3,5,"min",2.99884308042714,0.724907971854707
"cdlinks-baseline","Final Energy|Gases",9,3,5,"max",6.58493076697677,0.993811692985504
"cdlinks-baseline","Final Energy|Gases",9,3,5,"median",8.92353981736576,1.42805165181047
"cdlinks-baseline","Final Energy|Gases",9,3,5,"range",6.43133505696403,0.895902402684102
"cdlinks-baseline","Final Energy|Gases",9,3,5,"mean",6.71761995404243,1.22720173418454
"cdlinks-baseline","Final Energy|Gases",9,3,5,"iqr",5.56969953958028,0.435877778965513
"cdlinks-baseline","Final Energy|Gases",9,4,5,"min",3.53118713591193,0.853591080387156
"cdlinks-baseline","Final Energy|Gases",9,4,5,"max",7.12495035060049,1.07531259187693
"cdlinks-baseline","Final Energy|Gases",9,4,5,"median",7.44518632370411,1.19146783061489
"cdlinks-baseline","Final Energy|Gases",9,4,5,"range",7.2447669459531,1.00921566926257
"cdlinks-baseline","Final Energy|Gases",9,4,5,"mean",6.1200430401238,1.11803398874989
"cdlinks-baseline","Final Energy|Gases",9,4,5,"iqr",8.76322537619448,0.685799150637435
"cdlinks-baseline","Final Energy|Gases",9,5,5,"min",4.1368603972646,1
"cdlinks-baseline","Final Energy|Gases",9,5,5,"max",6.62593408132985,1
"cdlinks-baseline","Final Energy|Gases",9,5,5,"median",6.24875144120495,1
"cdlinks-baseline","Final Energy|Gases",9,5,5,"range",7.17861123900985,1
"cdlinks-baseline","Final Energy|Gases",9,5,5,"mean",5.47393290517651,1
"cdlinks-baseline","Final Energy|Gases",9,5,5,"iqr",12.7781222360064,1
"cdlinks-baseline","Final Energy|Gases",9,6,5,"min",4.51076680981617,1.09038410210768
"cdlinks-baseline","Final Energy|Gases",9,6,5,"max",5.2539742822766,0.792940922409858
"cdlinks-baseline","Final Energy|Gases",9,6,5,"median",4.87051222690669,0.779437664105185
"cdlinks-baseline","Final Energy|Gases",9,6,5,"range",6.42613516747506,0.895178043986321
"cdlinks-baseline","Final Energy|Gases",9,6,5,"mean",4.75007462293747,0.867762668125779
"cdlinks-baseline","Final Energy|Gases",9,6,5,"iqr",11.1838439433918,0.875233757889544
"cdlinks-baseline","Final Energy|Gases",9,7,5,"min",4.50914658095575,1.08999244546355
"cdlinks-baseline","Final Energy|Gases",9,7,5,"max",3.24768185344179,0.490147021322308
"cdlinks-baseline","Final Energy|Gases",9,7,5,"median",2.34394516366313,0.375106160921509
"cdlinks-baseline","Final Energy|Gases",9,7,5,"range",5.25752923540785,0.732388070667138
"cdlinks-baseline","Final Energy|Gases",9,7,5,"mean",3.90995207512608,0.714285714285715
"cdlinks-baseline","Final Energy|Gases",9,7,5,"iqr",9.58933999507786,0.750449856243893
"cdlinks-baseline","Final Energy|Gases",9,8,5,"min",3.93682801649776,0.951646330415426
"cdlinks-baseline","Final Energy|Gases",9,8,5,"max",0.65883884888889,0.099433353969718
"cdlinks-baseline","Final Energy|Gases",9,8,5,"median",1.6544792099539,0.264769566451961
"cdlinks-baseline","Final Energy|Gases",9,8,5,"range",3.90950759695146,0.544605003222142
"cdlinks-baseline","Final Energy|Gases",9,8,5,"mean",2.89144855306772,0.528221409205323
"cdlinks-baseline","Final Energy|Gases",9,8,5,"iqr",8.66469047212683,0.678087931238548
"cdlinks-baseline","Final Energy|Heat",7,3,4,"min",3.24397850734479,0.800723833547448
"cdlinks-baseline","Final Energy|Heat",7,3,4,"max",2.03145114145141,0.809129436687611
"cdlinks-baseline","Final Energy|Heat",7,3,4,"median",1.55951499239265,1.24085367156044
"cdlinks-baseline","Final Energy|Heat",7,3,4,"range",3.37312543255135,0.783094665188829
"cdlinks-baseline","Final Energy|Heat",7,3,4,"mean",2.51838510949524,1.15470053837925
"cdlinks-baseline","Final Energy|Heat",7,3,4,"iqr",2.57626710387453,1.26003228946273
"cdlinks-baseline","Final Energy|Heat",7,4,4,"min",4.05130754379196,1
"cdlinks-baseline","Final Energy|Heat",7,4,4,"max",2.51066275597104,1
"cdlinks-baseline","Final Energy|Heat",7,4,4,"median",1.25680813792611,1
"cdlinks-baseline","Final Energy|Heat",7,4,4,"range",4.30742997302629,1
"cdlinks-baseline","Final Energy|Heat",7,4,4,"mean",2.18098548133533,1
"cdlinks-baseline","Final Energy|Heat",7,4,4,"iqr",2.04460403548311,1
"cdlinks-baseline","Final Energy|Heat",7,5,4,"min",4.42354032430814,1.09187966514331
"cdlinks-baseline","Final Energy|Heat",7,5,4,"max",2.75184108706624,1.09606161979406
"cdlinks-baseline","Final Energy|Heat",7,5,4,"median",1.03009446840445,0.819611551930459
"cdlinks-baseline","Final Energy|Heat",7,5,4,"range",4.76828171190235,1.10698995497593
"cdlinks-baseline","Final Energy|Heat",7,5,4,"mean",1.79848670149683,0.824621125123532
"cdlinks-baseline","Final Energy|Heat",7,5,4,"iqr",1.4695372859246,0.71873930620379
"cdlinks-baseline","Final Energy|Heat",7,6,4,"min",4.10440912164289,1.01310726901795
"cdlinks-baseline","Final Energy|Heat",7,6,4,"max",2.62878769452224,1.047049305316
"cdlinks-baseline","Final Energy|Heat",7,6,4,"median",0.688317282299455,0.547670930453447
"cdlinks-baseline","Final Energy|Heat",7,6,4,"range",4.49000656086496,1.04238643204463
"cdlinks-baseline","Final Energy|Heat",7,6,4,"mean",1.34051284039209,0.614636297152859
"cdlinks-baseline","Final Energy|Heat",7,6,4,"iqr",1.10477502814831,0.540336910705188
"cdlinks-baseline","Final Energy|Hydrogen",9,3,5,"min",0.189108579785557,Inf
"cdlinks-baseline","Final Energy|Hydrogen",9,3,5,"max",0.746759146470701,0.846155721161593
"cdlinks-baseline","Final Energy|Hydrogen",9,3,5,"median",0.942793188078213,0.947419256599981
"cdlinks-baseline","Final Energy|Hydrogen",9,3,5,"range",0.73276072475852,0.830294054551985
"cdlinks-baseline","Final Energy|Hydrogen",9,3,5,"mean",0.692551555083422,1.22720173418454
"cdlinks-baseline","Final Energy|Hydrogen",9,3,5,"iqr",0.634589402536375,0.584648567533961
"cdlinks-baseline","Final Energy|Hydrogen",9,4,5,"min",0.0917519438813784,Inf
"cdlinks-baseline","Final Energy|Hydrogen",9,4,5,"max",0.843055650906267,0.955269668464567
"cdlinks-baseline","Final Energy|Hydrogen",9,4,5,"median",0.788284090431861,0.792152018481268
"cdlinks-baseline","Final Energy|Hydrogen",9,4,5,"range",0.839972403136606,0.951776028309789
"cdlinks-baseline","Final Energy|Hydrogen",9,4,5,"mean",0.630944494272061,1.11803398874989
"cdlinks-baseline","Final Energy|Hydrogen",9,4,5,"iqr",0.931932106603708,0.858591033803993
"cdlinks-baseline","Final Energy|Hydrogen",9,5,5,"min",0,NA
"cdlinks-baseline","Final Energy|Hydrogen",9,5,5,"max",0.882531581120267,1
"cdlinks-baseline","Final Energy|Hydrogen",9,5,5,"median",0.995117189681821,1
"cdlinks-baseline","Final Energy|Hydrogen",9,5,5,"range",0.882531581120267,1
"cdlinks-baseline","Final Energy|Hydrogen",9,5,5,"mean",0.564333911688622,1
"cdlinks-baseline","Final Energy|Hydrogen",9,5,5,"iqr",1.08542026402812,1
"cdlinks-baseline","Final Energy|Hydrogen",9,6,5,"min",0,NA
"cdlinks-baseline","Final Energy|Hydrogen",9,6,5,"max",0.890406620204291,1.00892323770899
"cdlinks-baseline","Final Energy|Hydrogen",9,6,5,"median",0.777880259952236,0.781697138807295
"cdlinks-baseline","Final Energy|Hydrogen",9,6,5,"range",0.890406620204291,1.00892323770899
"cdlinks-baseline","Final Energy|Hydrogen",9,6,5,"mean",0.489707900920777,0.867762668125779
"cdlinks-baseline","Final Energy|Hydrogen",9,6,5,"iqr",0.82984927356407,0.764541902400461
"cdlinks-baseline","Final Energy|Hydrogen",9,7,5,"min",0,NA
"cdlinks-baseline","Final Energy|Hydrogen",9,7,5,"max",0.857168299046342,0.971260765488155
"cdlinks-baseline","Final Energy|Hydrogen",9,7,5,"median",0.928351046865052,0.932906251133983
"cdlinks-baseline","Final Energy|Hydrogen",9,7,5,"range",0.857168299046342,0.971260765488155
"cdlinks-baseline","Final Energy|Hydrogen",9,7,5,"mean",0.403095651206159,0.714285714285714
"cdlinks-baseline","Final Energy|Hydrogen",9,7,5,"iqr",0.766559470284749,0.706232871901578
"cdlinks-baseline","Final Energy|Hydrogen",9,8,5,"min",0,NA
"cdlinks-baseline","Final Energy|Hydrogen",9,8,5,"max",0.733523356345848,0.831158195398208
"cdlinks-baseline","Final Energy|Hydrogen",9,8,5,"median",0.575738878517603,0.578563896280085
"cdlinks-baseline","Final Energy|Hydrogen",9,8,5,"range",0.733523356345848,0.831158195398208
"cdlinks-baseline","Final Energy|Hydrogen",9,8,5,"mean",0.298093254094516,0.528221409205323
"cdlinks-baseline","Final Energy|Hydrogen",9,8,5,"iqr",0.476500124513918,0.439000579135652
"cdlinks-baseline","Final Energy|Liquids",9,3,5,"min",7.09183316597257,1.28599192224733
"cdlinks-baseline","Final Energy|Liquids",9,3,5,"max",4.49300454756038,1.61100416529455
"cdlinks-baseline","Final Energy|Liquids",9,3,5,"median",14.7386310183503,1.02186055361874
"cdlinks-baseline","Final Energy|Liquids",9,3,5,"range",7.19973283228803,1.25785379313195
"cdlinks-baseline","Final Energy|Liquids",9,3,5,"mean",9.45403009163022,1.22720173418454
"cdlinks-baseline","Final Energy|Liquids",9,3,5,"iqr",6.23515153322232,0.474484049994958
"cdlinks-baseline","Final Energy|Liquids",9,4,5,"min",6.64784382222831,1.20548146800278
"cdlinks-baseline","Final Energy|Liquids",9,4,5,"max",3.55245621319393,1.27376273402381
"cdlinks-baseline","Final Energy|Liquids",9,4,5,"median",12.5818337305973,0.872325222436178
"cdlinks-baseline","Final Energy|Liquids",9,4,5,"range",6.82884309042444,1.19305624029156
"cdlinks-baseline","Final Energy|Liquids",9,4,5,"mean",8.61303132050286,1.11803398874989
"cdlinks-baseline","Final Energy|Liquids",9,4,5,"iqr",10.6550622565788,0.810831471458592
"cdlinks-baseline","Final Energy|Liquids",9,5,5,"min",5.51467940294623,1
"cdlinks-baseline","Final Energy|Liquids",9,5,5,"max",2.78894657403873,1
"cdlinks-baseline","Final Energy|Liquids",9,5,5,"median",14.4233290600718,1
"cdlinks-baseline","Final Energy|Liquids",9,5,5,"range",5.72382328661688,1
"cdlinks-baseline","Final Energy|Liquids",9,5,5,"mean",7.70372940999167,1
"cdlinks-baseline","Final Energy|Liquids",9,5,5,"iqr",13.1409086001702,1
"cdlinks-baseline","Final Energy|Liquids",9,6,5,"min",4.07008630259871,0.738045860004892
"cdlinks-baseline","Final Energy|Liquids",9,6,5,"max",2.28057698494286,0.817719853858767
"cdlinks-baseline","Final Energy|Liquids",9,6,5,"median",11.7883585404266,0.817311904299572
"cdlinks-baseline","Final Energy|Liquids",9,6,5,"range",4.34437672705112,0.758999100690075
"cdlinks-baseline","Final Energy|Liquids",9,6,5,"mean",6.68500878733341,0.867762668125779
"cdlinks-baseline","Final Energy|Liquids",9,6,5,"iqr",9.99786926269159,0.760820242107317
"cdlinks-baseline","Final Energy|Liquids",9,7,5,"min",2.66703947484782,0.483625480281401
"cdlinks-baseline","Final Energy|Liquids",9,7,5,"max",2.03976128779624,0.731373381901115
"cdlinks-baseline","Final Energy|Liquids",9,7,5,"median",10.2043441420164,0.707488825881759
"cdlinks-baseline","Final Energy|Liquids",9,7,5,"range",3.12138608204955,0.545332363657662
"cdlinks-baseline","Final Energy|Liquids",9,7,5,"mean",5.50266386427976,0.714285714285714
"cdlinks-baseline","Final Energy|Liquids",9,7,5,"iqr",8.52857439330817,0.649009490348158
"cdlinks-baseline","Final Energy|Liquids",9,8,5,"min",1.87418378279296,0.339853624453975
"cdlinks-baseline","Final Energy|Liquids",9,8,5,"max",1.73035553185186,0.620433373646917
"cdlinks-baseline","Final Energy|Liquids",9,8,5,"median",7.17807087298229,0.497670880494116
"cdlinks-baseline","Final Energy|Liquids",9,8,5,"range",2.38661770068621,0.416962156442961
"cdlinks-baseline","Final Energy|Liquids",9,8,5,"mean",4.06927480508229,0.528221409205322
"cdlinks-baseline","Final Energy|Liquids",9,8,5,"iqr",8.88018111529765,0.675766142622943
"cdlinks-baseline","Final Energy|Solar",7,3,4,"min",0.587550104141955,Inf
"cdlinks-baseline","Final Energy|Solar",7,3,4,"max",6.92889480220901,0.827151181661239
"cdlinks-baseline","Final Energy|Solar",7,3,4,"median",3.80883597200881,1.26764122123844
"cdlinks-baseline","Final Energy|Solar",7,3,4,"range",6.84175759384429,0.816748996764079
"cdlinks-baseline","Final Energy|Solar",7,3,4,"mean",4.41898567460494,1.15470053837925
"cdlinks-baseline","Final Energy|Solar",7,3,4,"iqr",5.22547867672173,1.00684744200502
"cdlinks-baseline","Final Energy|Solar",7,4,4,"min",0,NA
"cdlinks-baseline","Final Energy|Solar",7,4,4,"max",8.37681787299526,1
"cdlinks-baseline","Final Energy|Solar",7,4,4,"median",3.00466402338015,1
"cdlinks-baseline","Final Energy|Solar",7,4,4,"range",8.37681787299526,1
"cdlinks-baseline","Final Energy|Solar",7,4,4,"mean",3.82695385316739,1
"cdlinks-baseline","Final Energy|Solar",7,4,4,"iqr",5.18994085768924,1
"cdlinks-baseline","Final Energy|Solar",7,5,4,"min",0,NA
"cdlinks-baseline","Final Energy|Solar",7,5,4,"max",8.91533766897299,1.06428691707788
"cdlinks-baseline","Final Energy|Solar",7,5,4,"median",3.17313322688879,1.05606923176692
"cdlinks-baseline","Final Energy|Solar",7,5,4,"range",8.91533766897299,1.06428691707788
"cdlinks-baseline","Final Energy|Solar",7,5,4,"mean",3.15578699219473,0.824621125123532
"cdlinks-baseline","Final Energy|Solar",7,5,4,"iqr",4.738623663854,0.913040012167656
"cdlinks-baseline","Final Energy|Solar",7,6,4,"min",0,NA
"cdlinks-baseline","Final Energy|Solar",7,6,4,"max",8.27055743601823,0.9873149400419
"cdlinks-baseline","Final Energy|Solar",7,6,4,"median",2.00686566322568,0.667916827841545
"cdlinks-baseline","Final Energy|Solar",7,6,4,"range",8.27055743601823,0.9873149400419
"cdlinks-baseline","Final Energy|Solar",7,6,4,"mean",2.35218474568567,0.614636297152859
"cdlinks-baseline","Final Energy|Solar",7,6,4,"iqr",3.31587310390549,0.63890383239971
"cdlinks-baseline","Final Energy|Solids",9,3,5,"min",3.28310826021415,0.797050257243101
"cdlinks-baseline","Final Energy|Solids",9,3,5,"max",32.8356441435357,0.591299903533048
"cdlinks-baseline","Final Energy|Solids",9,3,5,"median",6.14521128290747,1.43131505813284
"cdlinks-baseline","Final Energy|Solids",9,3,5,"range",32.2323822388505,0.585981063114459
"cdlinks-baseline","Final Energy|Solids",9,3,5,"mean",20.6272561895893,1.22720173418454
"cdlinks-baseline","Final Energy|Solids",9,3,5,"iqr",27.9140618433348,3.90829109689582
"cdlinks-baseline","Final Energy|Solids",9,4,5,"min",3.80789260603769,0.924453761691815
"cdlinks-baseline","Final Energy|Solids",9,4,5,"max",45.1446486247173,0.812958815735123
"cdlinks-baseline","Final Energy|Solids",9,4,5,"median",5.20332651681488,1.21193548163496
"cdlinks-baseline","Final Energy|Solids",9,4,5,"range",44.5921219706055,0.810679733357399
"cdlinks-baseline","Final Energy|Solids",9,4,5,"mean",18.7923247435247,1.1180339887499
"cdlinks-baseline","Final Energy|Solids",9,4,5,"iqr",18.9502756487436,2.6532574878346
"cdlinks-baseline","Final Energy|Solids",9,5,5,"min",4.11907308275643,1
"cdlinks-baseline","Final Energy|Solids",9,5,5,"max",55.531286149957,1
"cdlinks-baseline","Final Energy|Solids",9,5,5,"median",4.29340224431366,1
"cdlinks-baseline","Final Energy|Solids",9,5,5,"range",55.0058427955624,1
"cdlinks-baseline","Final Energy|Solids",9,5,5,"mean",16.808366232709,1
"cdlinks-baseline","Final Energy|Solids",9,5,5,"iqr",7.14226784834572,1
"cdlinks-baseline","Final Energy|Solids",9,6,5,"min",4.0907634776387,0.993127190377796
"cdlinks-baseline","Final Energy|Solids",9,6,5,"max",62.5086390077036,1.12564724034853
"cdlinks-baseline","Final Energy|Solids",9,6,5,"median",3.42977028748576,0.798846716966311
"cdlinks-baseline","Final Energy|Solids",9,6,5,"range",62.0279811287206,1.12766168058286
"cdlinks-baseline","Final Energy|Solids",9,6,5,"mean",14.5856727289308,0.867762668125779
"cdlinks-baseline","Final Energy|Solids",9,6,5,"iqr",6.17833019808334,0.865037594398585
"cdlinks-baseline","Final Energy|Solids",9,7,5,"min",3.63743237433505,0.883070608667356
"cdlinks-baseline","Final Energy|Solids",9,7,5,"max",64.1049608706843,1.15439359170567
"cdlinks-baseline","Final Energy|Solids",9,7,5,"median",3.53107200088378,0.822441457834627
"cdlinks-baseline","Final Energy|Solids",9,7,5,"range",63.7090478086832,1.15822328266958
"cdlinks-baseline","Final Energy|Solids",9,7,5,"mean",12.0059758805064,0.714285714285714
"cdlinks-baseline","Final Energy|Solids",9,7,5,"iqr",5.02285258240394,0.703257381136626
"cdlinks-baseline","Final Energy|Solids",9,8,5,"min",2.75465625013529,0.668756342699291
"cdlinks-baseline","Final Energy|Solids",9,8,5,"max",57.3240399012485,1.03228367062218
"cdlinks-baseline","Final Energy|Solids",9,8,5,"median",2.22387713615807,0.517975491139564
"cdlinks-baseline","Final Energy|Solids",9,8,5,"range",57.0452160610958,1.0370755752823
"cdlinks-baseline","Final Energy|Solids",9,8,5,"mean",8.87853889788071,0.528221409205323
"cdlinks-baseline","Final Energy|Solids",9,8,5,"iqr",3.07680224464001,0.430787854778178
"cdlinks-baseline","Primary Energy|Biomass",9,3,5,"min",7.19158592042342,0.762791491255935
"cdlinks-baseline","Primary Energy|Biomass",9,3,5,"max",4.72922256870567,2.02149023707304
"cdlinks-baseline","Primary Energy|Biomass",9,3,5,"median",12.897064615394,0.853873791663442
"cdlinks-baseline","Primary Energy|Biomass",9,3,5,"range",7.47530976995306,0.800274449103462
"cdlinks-baseline","Primary Energy|Biomass",9,3,5,"mean",8.73406918690875,1.22720173418454
"cdlinks-baseline","Primary Energy|Biomass",9,3,5,"iqr",6.47380816193736,0.568222974975165
"cdlinks-baseline","Primary Energy|Biomass",9,4,5,"min",8.21407309140543,0.871243858032012
"cdlinks-baseline","Primary Energy|Biomass",9,4,5,"max",3.68971813472042,1.57715757263038
"cdlinks-baseline","Primary Energy|Biomass",9,4,5,"median",10.8557453149393,0.718724507461635
"cdlinks-baseline","Primary Energy|Biomass",9,4,5,"range",8.30998919314369,0.889631631097015
"cdlinks-baseline","Primary Energy|Biomass",9,4,5,"mean",7.9571157202983,1.11803398874989
"cdlinks-baseline","Primary Energy|Biomass",9,4,5,"iqr",10.382005716579,0.911255636082714
"cdlinks-baseline","Primary Energy|Biomass",9,5,5,"min",9.42798392858641,1
"cdlinks-baseline","Primary Energy|Biomass",9,5,5,"max",2.33947336572509,1
"cdlinks-baseline","Primary Energy|Biomass",9,5,5,"median",15.104181368852,1
"cdlinks-baseline","Primary Energy|Biomass",9,5,5,"range",9.34093269918534,1
"cdlinks-baseline","Primary Energy|Biomass",9,5,5,"mean",7.11706066216768,1
"cdlinks-baseline","Primary Energy|Biomass",9,5,5,"iqr",11.3930770965752,1
"cdlinks-baseline","Primary Energy|Biomass",9,6,5,"min",10.4994368330111,1.11364602576124
"cdlinks-baseline","Primary Energy|Biomass",9,6,5,"max",1.50201073312898,0.642029422148794
"cdlinks-baseline","Primary Energy|Biomass",9,6,5,"median",12.0868268587891,0.800230516545218
"cdlinks-baseline","Primary Energy|Biomass",9,6,5,"range",10.3802889886791,1.11126900524446
"cdlinks-baseline","Primary Energy|Biomass",9,6,5,"mean",6.17591954941565,0.867762668125779
"cdlinks-baseline","Primary Energy|Biomass",9,6,5,"iqr",6.75125667110873,0.59257535202129
"cdlinks-baseline","Primary Energy|Biomass",9,7,5,"min",10.7770792436218,1.14309478306861
"cdlinks-baseline","Primary Energy|Biomass",9,7,5,"max",1.32788031044562,0.567597960250364
"cdlinks-baseline","Primary Energy|Biomass",9,7,5,"median",15.768170471735,1.0439606150554
"cdlinks-baseline","Primary Energy|Biomass",9,7,5,"range",10.6769300571673,1.14302611966132
"cdlinks-baseline","Primary Energy|Biomass",9,7,5,"mean",5.0836147586912,0.714285714285714
"cdlinks-baseline","Primary Energy|Biomass",9,7,5,"iqr",5.48545028301684,0.48147223410485
"cdlinks-baseline","Primary Energy|Biomass",9,8,5,"min",9.63475547645658,1.02193168225958
"cdlinks-baseline","Primary Energy|Biomass",9,8,5,"max",1.02190235211256,0.43680871391149
"cdlinks-baseline","Primary Energy|Biomass",9,8,5,"median",11.0123368416031,0.729091936376828
"cdlinks-baseline","Primary Energy|Biomass",9,8,5,"range",9.56092844275639,1.02355179623446
"cdlinks-baseline","Primary Energy|Biomass",9,8,5,"mean",3.75938381236998,0.528221409205323
"cdlinks-baseline","Primary Energy|Biomass",9,8,5,"iqr",0.91766942440913,0.0805462314202181
"cdlinks-baseline","Primary Energy|Coal",9,3,5,"min",8.79120937557369,1.10432092012182
"cdlinks-baseline","Primary Energy|Coal",9,3,5,"max",15.0626641075206,0.89438441058322
"cdlinks-baseline","Primary Energy|Coal",9,3,5,"median",22.0891395127249,1.68403294893488
"cdlinks-baseline","Primary Energy|Coal",9,3,5,"range",14.9855261099134,0.860880936558214
"cdlinks-baseline","Primary Energy|Coal",9,3,5,"mean",16.7613231311572,1.22720173418454
"cdlinks-baseline","Primary Energy|Coal",9,3,5,"iqr",12.97784630026,0.466570936817063
"cdlinks-baseline","Primary Energy|Coal",9,4,5,"min",8.96827731528048,1.12656357431731
"cdlinks-baseline","Primary Energy|Coal",9,4,5,"max",16.9677715375638,1.00750506266402
"cdlinks-baseline","Primary Energy|Coal",9,4,5,"median",18.5667452976353,1.41549247845022
"cdlinks-baseline","Primary Energy|Coal",9,4,5,"range",17.3303860068167,0.99558726380611
"cdlinks-baseline","Primary Energy|Coal",9,4,5,"mean",15.2702921084983,1.11803398874989
"cdlinks-baseline","Primary Energy|Coal",9,4,5,"iqr",19.1413747966549,0.68815803209681
"cdlinks-baseline","Primary Energy|Coal",9,5,5,"min",7.96073787554792,1
"cdlinks-baseline","Primary Energy|Coal",9,5,5,"max",16.8413759556681,1
"cdlinks-baseline","Primary Energy|Coal",9,5,5,"median",13.1168095770904,1
"cdlinks-baseline","Primary Energy|Coal",9,5,5,"range",17.4071993855797,1
"cdlinks-baseline","Primary Energy|Coal",9,5,5,"mean",13.6581644763523,1
"cdlinks-baseline","Primary Energy|Coal",9,5,5,"iqr",27.8153765615891,1
"cdlinks-baseline","Primary Energy|Coal",9,6,5,"min",5.9651984910386,0.749327334261465
"cdlinks-baseline","Primary Energy|Coal",9,6,5,"max",14.3803401779331,0.85386967286917
"cdlinks-baseline","Primary Energy|Coal",9,6,5,"median",10.3165566759004,0.786514175971504
"cdlinks-baseline","Primary Energy|Coal",9,6,5,"range",14.903231610937,0.856153323738168
"cdlinks-baseline","Primary Energy|Coal",9,6,5,"mean",11.8520452477002,0.867762668125779
"cdlinks-baseline","Primary Energy|Coal",9,6,5,"iqr",24.3679421351722,0.876060120243797
"cdlinks-baseline","Primary Energy|Coal",9,7,5,"min",3.60081471840655,0.452321728801894
"cdlinks-baseline","Primary Energy|Coal",9,7,5,"max",9.67034641002052,0.574201682539239
"cdlinks-baseline","Primary Energy|Coal",9,7,5,"median",3.65970639621696,0.279008883578591
"cdlinks-baseline","Primary Energy|Coal",9,7,5,"range",10.0134220742579,0.575246014735326
"cdlinks-baseline","Primary Energy|Coal",9,7,5,"mean",9.75583176882309,0.714285714285714
"cdlinks-baseline","Primary Energy|Coal",9,7,5,"iqr",19.281086807872,0.693180865812823
"cdlinks-baseline","Primary Energy|Coal",9,8,5,"min",1.85239102993931,0.232690870984345
"cdlinks-baseline","Primary Energy|Coal",9,8,5,"max",1.60286501942188,0.09517423182293
"cdlinks-baseline","Primary Energy|Coal",9,8,5,"median",2.34404875935462,0.178705709309731
"cdlinks-baseline","Primary Energy|Coal",9,8,5,"range",2.29308647945095,0.131732074106681
"cdlinks-baseline","Primary Energy|Coal",9,8,5,"mean",7.2145348868569,0.528221409205323
"cdlinks-baseline","Primary Energy|Coal",9,8,5,"iqr",14.8124721389231,0.532528190158604
"cdlinks-baseline","Primary Energy|Gas",9,3,5,"min",8.50807374012291,0.897301495480547
"cdlinks-baseline","Primary Energy|Gas",9,3,5,"max",2.94530675220055,0.858383048725975
"cdlinks-baseline","Primary Energy|Gas",9,3,5,"median",10.0018134420075,1.45051274138848
"cdlinks-baseline","Primary Energy|Gas",9,3,5,"range",8.12952257002519,0.862063327459022
"cdlinks-baseline","Primary Energy|Gas",9,3,5,"mean",8.04482044930324,1.22720173418454
"cdlinks-baseline","Primary Energy|Gas",9,3,5,"iqr",7.04037306628078,0.493260869599767
"cdlinks-baseline","Primary Energy|Gas",9,4,5,"min",9.61474234553999,1.01401597457106
"cdlinks-baseline","Primary Energy|Gas",9,4,5,"max",3.17885536587391,0.926448682596159
"cdlinks-baseline","Primary Energy|Gas",9,4,5,"median",8.3196877056844,1.20656249903479
"cdlinks-baseline","Primary Energy|Gas",9,4,5,"range",9.38258762877208,0.994939695629634
"cdlinks-baseline","Primary Energy|Gas",9,4,5,"mean",7.3291802359519,1.1180339887499
"cdlinks-baseline","Primary Energy|Gas",9,4,5,"iqr",10.3952748079119,0.72831116237821
"cdlinks-baseline","Primary Energy|Gas",9,5,5,"min",9.48184504648177,1
"cdlinks-baseline","Primary Energy|Gas",9,5,5,"max",3.43122660282262,1
"cdlinks-baseline","Primary Energy|Gas",9,5,5,"median",6.89536407135138,1
"cdlinks-baseline","Primary Energy|Gas",9,5,5,"range",9.4303078568339,1
"cdlinks-baseline","Primary Energy|Gas",9,5,5,"mean",6.55541809077456,1
"cdlinks-baseline","Primary Energy|Gas",9,5,5,"iqr",14.2731230068855,1
"cdlinks-baseline","Primary Energy|Gas",9,6,5,"min",8.27990776304529,0.873238037792818
"cdlinks-baseline","Primary Energy|Gas",9,6,5,"max",3.38691463303876,0.98708567666519
"cdlinks-baseline","Primary Energy|Gas",9,6,5,"median",5.20626889042774,0.755039014119439
"cdlinks-baseline","Primary Energy|Gas",9,6,5,"range",8.41485843875986,0.892320650238563
"cdlinks-baseline","Primary Energy|Gas",9,6,5,"mean",5.68854709313053,0.867762668125779
"cdlinks-baseline","Primary Energy|Gas",9,6,5,"iqr",12.374289770525,0.866964417286641
"cdlinks-baseline","Primary Energy|Gas",9,7,5,"min",6.36942947336687,0.671750006685697
"cdlinks-baseline","Primary Energy|Gas",9,7,5,"max",3.04015941594295,0.886027000793837
"cdlinks-baseline","Primary Energy|Gas",9,7,5,"median",1.02856709371028,0.149167916743328
"cdlinks-baseline","Primary Energy|Gas",9,7,5,"range",6.65890986853286,0.706117972989325
"cdlinks-baseline","Primary Energy|Gas",9,7,5,"mean",4.6824414934104,0.714285714285714
"cdlinks-baseline","Primary Energy|Gas",9,7,5,"iqr",10.7293632105396,0.751717981086808
"cdlinks-baseline","Primary Energy|Gas",9,8,5,"min",4.23699297430778,0.446853218285814
"cdlinks-baseline","Primary Energy|Gas",9,8,5,"max",2.39087509789349,0.696798951117566
"cdlinks-baseline","Primary Energy|Gas",9,8,5,"median",0.67661761988432,0.0981264532057861
"cdlinks-baseline","Primary Energy|Gas",9,8,5,"range",4.59737565900429,0.487510665484021
"cdlinks-baseline","Primary Energy|Gas",9,8,5,"mean",3.462712181839,0.528221409205323
"cdlinks-baseline","Primary Energy|Gas",9,8,5,"iqr",10.0458713555205,0.703831344455893
"cdlinks-baseline","Primary Energy|Geothermal",8,3,4,"min",0.0339371904823518,1.41812314473568
"cdlinks-baseline","Primary Energy|Geothermal",8,3,4,"max",0.157414282098683,0.90719662603853
"cdlinks-baseline","Primary Energy|Geothermal",8,3,4,"median",0.183148497386284,1.22234774768933
"cdlinks-baseline","Primary Energy|Geothermal",8,3,4,"range",0.151533005522576,0.884719465255464
"cdlinks-baseline","Primary Energy|Geothermal",8,3,4,"mean",0.136181468738649,1.12006493318265
"cdlinks-baseline","Primary Energy|Geothermal",8,3,4,"iqr",0.123726180906886,0.689713244067468
"cdlinks-baseline","Primary Energy|Geothermal",8,4,4,"min",0.0239310602949627,1
"cdlinks-baseline","Primary Energy|Geothermal",8,4,4,"max",0.173517270215241,1
"cdlinks-baseline","Primary Energy|Geothermal",8,4,4,"median",0.149833382302622,1
"cdlinks-baseline","Primary Energy|Geothermal",8,4,4,"range",0.171278028203913,1
"cdlinks-baseline","Primary Energy|Geothermal",8,4,4,"mean",0.121583548153491,1
"cdlinks-baseline","Primary Energy|Geothermal",8,4,4,"iqr",0.179387857158189,1
"cdlinks-baseline","Primary Energy|Geothermal",8,5,4,"min",0.0120123441253394,0.501956201575734
"cdlinks-baseline","Primary Energy|Geothermal",8,5,4,"max",0.165155738726782,0.951811531623986
"cdlinks-baseline","Primary Energy|Geothermal",8,5,4,"median",0.104165962975208,0.695211983967778
"cdlinks-baseline","Primary Energy|Geothermal",8,5,4,"range",0.16468717714586,0.961519576520306
"cdlinks-baseline","Primary Energy|Geothermal",8,5,4,"mean",0.105485712097371,0.867598566577465
"cdlinks-baseline","Primary Energy|Geothermal",8,5,4,"iqr",0.247928763044681,1.3820821931445
"cdlinks-baseline","Primary Energy|Geothermal",8,6,4,"min",0,0
"cdlinks-baseline","Primary Energy|Geothermal",8,6,4,"max",0.12950671378012,0.74636209767173
"cdlinks-baseline","Primary Energy|Geothermal",8,6,4,"median",0.0812018386181725,0.541947577837944
"cdlinks-baseline","Primary Energy|Geothermal",8,6,4,"range",0.12950671378012,0.75611983123683
"cdlinks-baseline","Primary Energy|Geothermal",8,6,4,"mean",0.0869225531629702,0.71492035298424
"cdlinks-baseline","Primary Energy|Geothermal",8,6,4,"iqr",0.212685453210445,1.1856178928705
"cdlinks-baseline","Primary Energy|Geothermal",8,7,4,"min",0,0
"cdlinks-baseline","Primary Energy|Geothermal",8,7,4,"max",0.0628172878827989,0.362023260306462
"cdlinks-baseline","Primary Energy|Geothermal",8,7,4,"median",0.0748004363521943,0.499224106154917
"cdlinks-baseline","Primary Energy|Geothermal",8,7,4,"range",0.0628172878827989,0.366756253218962
"cdlinks-baseline","Primary Energy|Geothermal",8,7,4,"mean",0.0645232621722305,0.530690732028763
"cdlinks-baseline","Primary Energy|Geothermal",8,7,4,"iqr",0.142267536881141,0.793072280002126
"cdlinks-baseline","Primary Energy|Hydro",9,3,5,"min",0.726242811450481,0.823304984713911
"cdlinks-baseline","Primary Energy|Hydro",9,3,5,"max",0.995219598883858,0.956968433412211
"cdlinks-baseline","Primary Energy|Hydro",9,3,5,"median",1.54227073855494,1.11704809841382
"cdlinks-baseline","Primary Energy|Hydro",9,3,5,"range",1.03123697794576,0.838586511914557
"cdlinks-baseline","Primary Energy|Hydro",9,3,5,"mean",1.2106125103635,1.22720173418454
"cdlinks-baseline","Primary Energy|Hydro",9,3,5,"iqr",0.893077420222923,0.573741921090532
"cdlinks-baseline","Primary Energy|Hydro",9,4,5,"min",0.807129478875652,0.915002135361137
"cdlinks-baseline","Primary Energy|Hydro",9,4,5,"max",1.06889092939774,1.02780821372635
"cdlinks-baseline","Primary Energy|Hydro",9,4,5,"median",1.30866686861164,0.947851632333697
"cdlinks-baseline","Primary Energy|Hydro",9,4,5,"range",1.17800575722489,0.957936691655802
"cdlinks-baseline","Primary Energy|Hydro",9,4,5,"mean",1.10292048657478,1.11803398874989
"cdlinks-baseline","Primary Energy|Hydro",9,4,5,"iqr",1.26802369982095,0.814619580620454
"cdlinks-baseline","Primary Energy|Hydro",9,5,5,"min",0.882106661485648,1
"cdlinks-baseline","Primary Energy|Hydro",9,5,5,"max",1.03997118832359,1
"cdlinks-baseline","Primary Energy|Hydro",9,5,5,"median",1.38066636588427,1
"cdlinks-baseline","Primary Energy|Hydro",9,5,5,"range",1.22973236904487,1
"cdlinks-baseline","Primary Energy|Hydro",9,5,5,"mean",0.986482072703342,1
"cdlinks-baseline","Primary Energy|Hydro",9,5,5,"iqr",1.55658387054134,1
"cdlinks-baseline","Primary Energy|Hydro",9,6,5,"min",0.911628330074835,1.03346723234066
"cdlinks-baseline","Primary Energy|Hydro",9,6,5,"max",0.944934375726407,0.908615917763668
"cdlinks-baseline","Primary Energy|Hydro",9,6,5,"median",1.10004584655251,0.7967499417196
"cdlinks-baseline","Primary Energy|Hydro",9,6,5,"range",1.20456711255003,0.979535989188941
"cdlinks-baseline","Primary Energy|Hydro",9,6,5,"mean",0.8560323154673,0.867762668125779
"cdlinks-baseline","Primary Energy|Hydro",9,6,5,"iqr",1.25180958636164,0.804203107877696
"cdlinks-baseline","Primary Energy|Hydro",9,7,5,"min",0.878350673957045,0.995742025661299
"cdlinks-baseline","Primary Energy|Hydro",9,7,5,"max",0.825920810728077,0.794176627200073
"cdlinks-baseline","Primary Energy|Hydro",9,7,5,"median",0.652362421960175,0.472498235692414
"cdlinks-baseline","Primary Energy|Hydro",9,7,5,"range",1.11993373507591,0.910713390382464
"cdlinks-baseline","Primary Energy|Hydro",9,7,5,"mean",0.704630051930958,0.714285714285714
"cdlinks-baseline","Primary Energy|Hydro",9,7,5,"iqr",1.10927017595347,0.712631164273656
"cdlinks-baseline","Primary Energy|Hydro",9,8,5,"min",0.746369110135069,0.846121158271303
"cdlinks-baseline","Primary Energy|Hydro",9,8,5,"max",0.702035674344058,0.675053003608424
"cdlinks-baseline","Primary Energy|Hydro",9,8,5,"median",0.448934443372348,0.325157803844103
"cdlinks-baseline","Primary Energy|Hydro",9,8,5,"range",0.958606541407746,0.779524525447999
"cdlinks-baseline","Primary Energy|Hydro",9,8,5,"mean",0.521080950599147,0.528221409205323
"cdlinks-baseline","Primary Energy|Hydro",9,8,5,"iqr",1.30644987249812,0.839305801134746
"cdlinks-baseline","Primary Energy|Nuclear",9,3,5,"min",1.51246722035818,0.907756753839488
"cdlinks-baseline","Primary Energy|Nuclear",9,3,5,"max",0.759846669530089,0.929477453637205
"cdlinks-baseline","Primary Energy|Nuclear",9,3,5,"median",2.04747136857576,1.8053236788692
"cdlinks-baseline","Primary Energy|Nuclear",9,3,5,"range",1.47073809208031,0.85447237109393
"cdlinks-baseline","Primary Energy|Nuclear",9,3,5,"mean",1.59214868169307,1.22720173418454
"cdlinks-baseline","Primary Energy|Nuclear",9,3,5,"iqr",1.27369655005501,0.46731365026346
"cdlinks-baseline","Primary Energy|Nuclear",9,4,5,"min",1.69657924442157,1.01825761697028
"cdlinks-baseline","Primary Energy|Nuclear",9,4,5,"max",0.818194893324617,1.00085153560868
"cdlinks-baseline","Primary Energy|Nuclear",9,4,5,"median",1.7204692267981,1.51699500250641
"cdlinks-baseline","Primary Energy|Nuclear",9,4,5,"range",1.70650169109672,0.991446780442532
"cdlinks-baseline","Primary Energy|Nuclear",9,4,5,"mean",1.45051648126868,1.11803398874989
"cdlinks-baseline","Primary Energy|Nuclear",9,4,5,"iqr",1.85572887044534,0.680858743245907
"cdlinks-baseline","Primary Energy|Nuclear",9,5,5,"min",1.66615914886998,1
"cdlinks-baseline","Primary Energy|Nuclear",9,5,5,"max",0.817498764017007,1
"cdlinks-baseline","Primary Energy|Nuclear",9,5,5,"median",1.13412979209259,1
"cdlinks-baseline","Primary Energy|Nuclear",9,5,5,"range",1.72122369526988,1
"cdlinks-baseline","Primary Energy|Nuclear",9,5,5,"mean",1.29738138184023,1
"cdlinks-baseline","Primary Energy|Nuclear",9,5,5,"iqr",2.72557103636268,1
"cdlinks-baseline","Primary Energy|Nuclear",9,6,5,"min",1.41980059750726,0.852139844186067
"cdlinks-baseline","Primary Energy|Nuclear",9,6,5,"max",0.743580627447968,0.909580124371294
"cdlinks-baseline","Primary Energy|Nuclear",9,6,5,"median",0.923321683167129,0.814123471232952
"cdlinks-baseline","Primary Energy|Nuclear",9,6,5,"range",1.51266521017597,0.878831272386586
"cdlinks-baseline","Primary Energy|Nuclear",9,6,5,"mean",1.12581912948239,0.867762668125779
"cdlinks-baseline","Primary Energy|Nuclear",9,6,5,"iqr",2.42896636687966,0.891177054083006
"cdlinks-baseline","Primary Energy|Nuclear",9,7,5,"min",0.962370402665448,0.577598126396356
"cdlinks-baseline","Primary Energy|Nuclear",9,7,5,"max",0.596181090096308,0.729274607299474
"cdlinks-baseline","Primary Energy|Nuclear",9,7,5,"median",0.746967900576106,0.658626469196147
"cdlinks-baseline","Primary Energy|Nuclear",9,7,5,"range",1.08394652097211,0.629753427140769
"cdlinks-baseline","Primary Energy|Nuclear",9,7,5,"mean",0.926700987028736,0.714285714285714
"cdlinks-baseline","Primary Energy|Nuclear",9,7,5,"iqr",1.90035895694217,0.697233325269786
"cdlinks-baseline","Primary Energy|Nuclear",9,8,5,"min",0.105834529002136,0.0635200599378006
"cdlinks-baseline","Primary Energy|Nuclear",9,8,5,"max",0.394018228262443,0.481980212821761
"cdlinks-baseline","Primary Energy|Nuclear",9,8,5,"median",0.50320009801866,0.443688281118337
"cdlinks-baseline","Primary Energy|Nuclear",9,8,5,"range",0.39500142826397,0.229488723255134
"cdlinks-baseline","Primary Energy|Nuclear",9,8,5,"mean",0.685304621792396,0.528221409205323
"cdlinks-baseline","Primary Energy|Nuclear",9,8,5,"iqr",1.16130494159596,0.42607766449769
"cdlinks-baseline","Primary Energy|Oil",9,3,5,"min",12.4223223806603,0.90112523858676
"cdlinks-baseline","Primary Energy|Oil",9,3,5,"max",11.1313909974504,0.816203198669293
"cdlinks-baseline","Primary Energy|Oil",9,3,5,"median",19.9171571200952,1.07958501843188
"cdlinks-baseline","Primary Energy|Oil",9,3,5,"range",13.8006918449739,0.790050015774713
"cdlinks-baseline","Primary Energy|Oil",9,3,5,"mean",16.2951415451246,1.22720173418454
"cdlinks-baseline","Primary Energy|Oil",9,3,5,"iqr",11.9517497275482,0.681170057844835
"cdlinks-baseline","Primary Energy|Oil",9,4,5,"min",13.5330354456285,0.981697256040527
"cdlinks-baseline","Primary Energy|Oil",9,4,5,"max",12.5494914106198,0.920184641197745
"cdlinks-baseline","Primary Energy|Oil",9,4,5,"median",17.0097832407612,0.921994391206152
"cdlinks-baseline","Primary Energy|Oil",9,4,5,"range",16.1454726086123,0.924281987628747
"cdlinks-baseline","Primary Energy|Oil",9,4,5,"mean",14.8455804709612,1.1180339887499
"cdlinks-baseline","Primary Energy|Oil",9,4,5,"iqr",15.6083324127935,0.88957089420789
"cdlinks-baseline","Primary Energy|Oil",9,5,5,"min",13.7853450871516,1
"cdlinks-baseline","Primary Energy|Oil",9,5,5,"max",13.6380144253277,1
"cdlinks-baseline","Primary Energy|Oil",9,5,5,"median",18.4489009944074,1
"cdlinks-baseline","Primary Energy|Oil",9,5,5,"range",17.4681242572233,1
"cdlinks-baseline","Primary Energy|Oil",9,5,5,"mean",13.2782908394051,1
"cdlinks-baseline","Primary Energy|Oil",9,5,5,"iqr",17.5459117586033,1
"cdlinks-baseline","Primary Energy|Oil",9,6,5,"min",13.3641385142947,0.969445337044956
"cdlinks-baseline","Primary Energy|Oil",9,6,5,"max",14.1087261923361,1.03451468464018
"cdlinks-baseline","Primary Energy|Oil",9,6,5,"median",14.9085899709001,0.808101792915445
"cdlinks-baseline","Primary Energy|Oil",9,6,5,"range",17.8197076024027,1.02012713786565
"cdlinks-baseline","Primary Energy|Oil",9,6,5,"mean",11.5224050869522,0.867762668125779
"cdlinks-baseline","Primary Energy|Oil",9,6,5,"iqr",13.636826863872,0.777208221008264
"cdlinks-baseline","Primary Energy|Oil",9,7,5,"min",12.1701938431925,0.882835632060857
"cdlinks-baseline","Primary Energy|Oil",9,7,5,"max",13.5306497197279,0.992127541279
"cdlinks-baseline","Primary Energy|Oil",9,7,5,"median",15.3606081564346,0.832602883016773
"cdlinks-baseline","Primary Energy|Oil",9,7,5,"range",16.8853404993422,0.966637301790425
"cdlinks-baseline","Primary Energy|Oil",9,7,5,"mean",9.4844934567179,0.714285714285714
"cdlinks-baseline","Primary Energy|Oil",9,7,5,"iqr",11.3388859896614,0.646240910456054
"cdlinks-baseline","Primary Energy|Oil",9,8,5,"min",10.0863217206242,0.731669875281179
"cdlinks-baseline","Primary Energy|Oil",9,8,5,"max",11.2206610718607,0.822748878386754
"cdlinks-baseline","Primary Energy|Oil",9,8,5,"median",10.4358323831149,0.565661466028706
"cdlinks-baseline","Primary Energy|Oil",9,8,5,"range",14.1188994390246,0.808266487638833
"cdlinks-baseline","Primary Energy|Oil",9,8,5,"mean",7.01387749902866,0.528221409205323
"cdlinks-baseline","Primary Energy|Oil",9,8,5,"iqr",11.4890935273647,0.654801738743004
"cdlinks-baseline","Primary Energy|Solar",9,3,5,"min",1.77231664228255,0.9221542631807
"cdlinks-baseline","Primary Energy|Solar",9,3,5,"max",9.78119163438128,0.689696160247781
"cdlinks-baseline","Primary Energy|Solar",9,3,5,"median",6.20439169021285,1.98191781949975
"cdlinks-baseline","Primary Energy|Solar",9,3,5,"range",9.44858035199489,0.67517078333299
"cdlinks-baseline","Primary Energy|Solar",9,3,5,"mean",7.37750127063716,1.22720173418454
"cdlinks-baseline","Primary Energy|Solar",9,3,5,"iqr",8.18271061452609,0.882072674081423
"cdlinks-baseline","Primary Energy|Solar",9,4,5,"min",1.90417853236966,0.990763337425072
"cdlinks-baseline","Primary Energy|Solar",9,4,5,"max",12.4525802594162,0.878062419297438
"cdlinks-baseline","Primary Energy|Solar",9,4,5,"median",5.15166677749194,1.64563758966769
"cdlinks-baseline","Primary Energy|Solar",9,4,5,"range",12.2040863176249,0.872072016320902
"cdlinks-baseline","Primary Energy|Solar",9,4,5,"mean",6.72122353061925,1.1180339887499
"cdlinks-baseline","Primary Energy|Solar",9,4,5,"iqr",8.45160876139253,0.911059121071368
"cdlinks-baseline","Primary Energy|Solar",9,5,5,"min",1.92193075827624,1
"cdlinks-baseline","Primary Energy|Solar",9,5,5,"max",14.1818850069678,1
"cdlinks-baseline","Primary Energy|Solar",9,5,5,"median",3.13049896881137,1
"cdlinks-baseline","Primary Energy|Solar",9,5,5,"range",13.9943560729211,1
"cdlinks-baseline","Primary Energy|Solar",9,5,5,"mean",6.01164508257431,1
"cdlinks-baseline","Primary Energy|Solar",9,5,5,"iqr",9.27668530605762,1
"cdlinks-baseline","Primary Energy|Solar",9,6,5,"min",1.70783670117297,0.888604698071803
"cdlinks-baseline","Primary Energy|Solar",9,6,5,"max",14.776878011033,1.04195443721148
"cdlinks-baseline","Primary Energy|Solar",9,6,5,"median",2.47478502374232,0.790540117852834
"cdlinks-baseline","Primary Energy|Solar",9,6,5,"range",14.6529820884159,1.04706368853721
"cdlinks-baseline","Primary Energy|Solar",9,6,5,"mean",5.21668117667991,0.867762668125779
"cdlinks-baseline","Primary Energy|Solar",9,6,5,"iqr",8.26359877645136,0.890792185335345
"cdlinks-baseline","Primary Energy|Solar",9,7,5,"min",1.19325376783587,0.620861996561253
"cdlinks-baseline","Primary Energy|Solar",9,7,5,"max",14.0080810514217,0.987744650625731
"cdlinks-baseline","Primary Energy|Solar",9,7,5,"median",2.25845077468768,0.721434760780387
"cdlinks-baseline","Primary Energy|Solar",9,7,5,"range",13.9510437654898,0.996905016050359
"cdlinks-baseline","Primary Energy|Solar",9,7,5,"mean",4.2940322018388,0.714285714285714
"cdlinks-baseline","Primary Energy|Solar",9,7,5,"iqr",6.55964982604049,0.707111388348711
"cdlinks-baseline","Primary Energy|Solar",9,8,5,"min",0.018800361450496,0.00978201809276306
"cdlinks-baseline","Primary Energy|Solar",9,8,5,"max",11.5366489271712,0.813477821989323
"cdlinks-baseline","Primary Energy|Solar",9,8,5,"median",1.44587126647091,0.461866073388261
"cdlinks-baseline","Primary Energy|Solar",9,8,5,"range",11.534313964426,0.824211839710491
"cdlinks-baseline","Primary Energy|Solar",9,8,5,"mean",3.17547963715965,0.528221409205323
"cdlinks-baseline","Primary Energy|Solar",9,8,5,"iqr",4.13117759540718,0.445329065189863
"cdlinks-baseline","Primary Energy|Wind",9,3,5,"min",2.57356847961307,1.125801454521
"cdlinks-baseline","Primary Energy|Wind",9,3,5,"max",2.25342027002286,0.876548425083574
"cdlinks-baseline","Primary Energy|Wind",9,3,5,"median",4.91342556732084,0.984999962824223
"cdlinks-baseline","Primary Energy|Wind",9,3,5,"range",2.84244065550658,0.919021127118072
"cdlinks-baseline","Primary Energy|Wind",9,3,5,"mean",3.53716174896539,1.22720173418454
"cdlinks-baseline","Primary Energy|Wind",9,3,5,"iqr",2.46162581641839,0.537938955361564
"cdlinks-baseline","Primary Energy|Wind",9,4,5,"min",2.54723840695874,1.11428342641073
"cdlinks-baseline","Primary Energy|Wind",9,4,5,"max",2.40897765395845,0.937058034281984
"cdlinks-baseline","Primary Energy|Wind",9,4,5,"median",4.15315093886035,0.832586850931266
"cdlinks-baseline","Primary Energy|Wind",9,4,5,"range",3.06115625073824,0.989736500703339
"cdlinks-baseline","Primary Energy|Wind",9,4,5,"mean",3.2225077172639,1.11803398874989
"cdlinks-baseline","Primary Energy|Wind",9,4,5,"iqr",3.92710609765809,0.85819028126782
"cdlinks-baseline","Primary Energy|Wind",9,5,5,"min",2.28598787937085,1
"cdlinks-baseline","Primary Energy|Wind",9,5,5,"max",2.57078811111663,1
"cdlinks-baseline","Primary Energy|Wind",9,5,5,"median",4.98824949519076,1
"cdlinks-baseline","Primary Energy|Wind",9,5,5,"range",3.09290023007425,1
"cdlinks-baseline","Primary Energy|Wind",9,5,5,"mean",2.8822985255279,1
"cdlinks-baseline","Primary Energy|Wind",9,5,5,"iqr",4.57603189336578,1
"cdlinks-baseline","Primary Energy|Wind",9,6,5,"min",1.99677559264203,0.873484768078288
"cdlinks-baseline","Primary Energy|Wind",9,6,5,"max",2.62051929918375,1.01934472462046
"cdlinks-baseline","Primary Energy|Wind",9,6,5,"median",3.91080602386753,0.784003692605592
"cdlinks-baseline","Primary Energy|Wind",9,6,5,"range",3.02197100424957,0.97706708249591
"cdlinks-baseline","Primary Energy|Wind",9,6,5,"mean",2.50115105884709,0.867762668125779
"cdlinks-baseline","Primary Energy|Wind",9,6,5,"iqr",3.30013068077566,0.721177377622762
"cdlinks-baseline","Primary Energy|Wind",9,7,5,"min",1.7363113481109,0.759545299334119
"cdlinks-baseline","Primary Energy|Wind",9,7,5,"max",2.41753087188297,0.940385114365924
"cdlinks-baseline","Primary Energy|Wind",9,7,5,"median",4.94447164404163,0.991223804825454
"cdlinks-baseline","Primary Energy|Wind",9,7,5,"range",2.76815173649304,0.895001949812842
"cdlinks-baseline","Primary Energy|Wind",9,7,5,"mean",2.05878466109136,0.714285714285714
"cdlinks-baseline","Primary Energy|Wind",9,7,5,"iqr",2.89935731627649,0.633596396143985
"cdlinks-baseline","Primary Energy|Wind",9,8,5,"min",1.31634973973333,0.575834085391397
"cdlinks-baseline","Primary Energy|Wind",9,8,5,"max",1.93275915438309,0.75181581322297
"cdlinks-baseline","Primary Energy|Wind",9,8,5,"median",3.08461118647975,0.618375482111243
"cdlinks-baseline","Primary Energy|Wind",9,8,5,"range",2.19824653614826,0.710739555958935
"cdlinks-baseline","Primary Energy|Wind",9,8,5,"mean",1.52249178890477,0.528221409205323
"cdlinks-baseline","Primary Energy|Wind",9,8,5,"iqr",1.3743995634798,0.300347461623327
"engage-baseline","Emissions|CO2",9,3,5,"min",541.174409910119,0.744497492350957
"engage-baseline","Emissions|CO2",9,3,5,"max",475.192546829158,0.882809519489541
"engage-baseline","Emissions|CO2",9,3,5,"median",711.414282909664,1.37504818377163
"engage-baseline","Emissions|CO2",9,3,5,"range",602.366958744196,0.737410393420223
"engage-baseline","Emissions|CO2",9,3,5,"mean",657.424303310216,1.22720173418454
"engage-baseline","Emissions|CO2",9,3,5,"iqr",521.665088672847,0.710114421931598
"engage-baseline","Emissions|CO2",9,4,5,"min",653.718184539997,0.899324765143791
"engage-baseline","Emissions|CO2",9,4,5,"max",531.207353390686,0.986873450615676
"engage-baseline","Emissions|CO2",9,4,5,"median",606.88174288836,1.17300377342686
"engage-baseline","Emissions|CO2",9,4,5,"range",739.656995998061,0.905479207478536
"engage-baseline","Emissions|CO2",9,4,5,"mean",598.942044862294,1.11803398874989
"engage-baseline","Emissions|CO2",9,4,5,"iqr",611.946695616459,0.833009882099194
"engage-baseline","Emissions|CO2",9,5,5,"min",726.898902239699,1
"engage-baseline","Emissions|CO2",9,5,5,"max",538.273020780207,1
"engage-baseline","Emissions|CO2",9,5,5,"median",517.374075545717,1
"engage-baseline","Emissions|CO2",9,5,5,"range",816.868007447421,1
"engage-baseline","Emissions|CO2",9,5,5,"mean",535.710050757927,1
"engage-baseline","Emissions|CO2",9,5,5,"iqr",734.621171689281,1
"engage-baseline","Emissions|CO2",9,6,5,"min",744.693657620949,1.02448037179093
"engage-baseline","Emissions|CO2",9,6,5,"max",502.162431471743,0.932913989900288
"engage-baseline","Emissions|CO2",9,6,5,"median",421.09334307479,0.813904992496249
"engage-baseline","Emissions|CO2",9,6,5,"range",827.047438932379,1.01246153771742
"engage-baseline","Emissions|CO2",9,6,5,"mean",464.869182987495,0.867762668125779
"engage-baseline","Emissions|CO2",9,6,5,"iqr",629.260631062437,0.856578404370563
"engage-baseline","Emissions|CO2",9,7,5,"min",693.144899612978,0.953564378041128
"engage-baseline","Emissions|CO2",9,7,5,"max",426.163015431357,0.791722785611008
"engage-baseline","Emissions|CO2",9,7,5,"median",391.707136953963,0.757106232160545
"engage-baseline","Emissions|CO2",9,7,5,"range",760.290216486585,0.93073814809123
"engage-baseline","Emissions|CO2",9,7,5,"mean",382.650036255662,0.714285714285715
"engage-baseline","Emissions|CO2",9,7,5,"iqr",507.646473774332,0.691031640984408
"engage-baseline","Emissions|CO2",9,8,5,"min",560.029658322406,0.77043679196221
"engage-baseline","Emissions|CO2",9,8,5,"max",307.828607111111,0.571881917219119
"engage-baseline","Emissions|CO2",9,8,5,"median",264.144029364462,0.510547477829939
"engage-baseline","Emissions|CO2",9,8,5,"range",604.395054696101,0.739893164116853
"engage-baseline","Emissions|CO2",9,8,5,"mean",282.973517936807,0.528221409205323
"engage-baseline","Emissions|CO2",9,8,5,"iqr",343.151390163411,0.467113395839553
"engage-baseline","Emissions|CO2|Energy",9,3,5,"min",962.947418316843,0.712078755971513
"engage-baseline","Emissions|CO2|Energy",9,3,5,"max",537.823998532919,0.940123632890155
"engage-baseline","Emissions|CO2|Energy",9,3,5,"median",976.424468025472,1.50757806399933
"engage-baseline","Emissions|CO2|Energy",9,3,5,"range",954.152688539776,0.697463194751806
"engage-baseline","Emissions|CO2|Energy",9,3,5,"mean",956.575957865597,1.22720173418454
"engage-baseline","Emissions|CO2|Energy",9,3,5,"iqr",826.320467364667,0.79039436400252
"engage-baseline","Emissions|CO2|Energy",9,4,5,"min",1195.78567839298,0.884257605432883
"engage-baseline","Emissions|CO2|Energy",9,4,5,"max",584.127767989308,1.0210632489664
"engage-baseline","Emissions|CO2|Energy",9,4,5,"median",832.470697421407,1.28531658459218
"engage-baseline","Emissions|CO2|Energy",9,4,5,"range",1206.22432113543,0.881721635028832
"engage-baseline","Emissions|CO2|Energy",9,4,5,"mean",871.482172754086,1.11803398874989
"engage-baseline","Emissions|CO2|Energy",9,4,5,"iqr",892.80013108464,0.85398367783451
"engage-baseline","Emissions|CO2|Energy",9,5,5,"min",1352.30465765414,1
"engage-baseline","Emissions|CO2|Energy",9,5,5,"max",572.077947747708,1
"engage-baseline","Emissions|CO2|Energy",9,5,5,"median",647.677550730074,1
"engage-baseline","Emissions|CO2|Energy",9,5,5,"range",1368.0330313047,1
"engage-baseline","Emissions|CO2|Energy",9,5,5,"mean",779.47735178294,1
"engage-baseline","Emissions|CO2|Energy",9,5,5,"iqr",1045.45339010291,1
"engage-baseline","Emissions|CO2|Energy",9,6,5,"min",1412.99368814671,1.04487822337154
"engage-baseline","Emissions|CO2|Energy",9,6,5,"max",496.71217572249,0.868259609862719
"engage-baseline","Emissions|CO2|Energy",9,6,5,"median",532.317608698326,0.821886767726144
"engage-baseline","Emissions|CO2|Energy",9,6,5,"range",1424.4500210908,1.04123949385366
"engage-baseline","Emissions|CO2|Energy",9,6,5,"mean",676.401346526781,0.867762668125779
"engage-baseline","Emissions|CO2|Energy",9,6,5,"iqr",911.449148586427,0.871821888201739
"engage-baseline","Emissions|CO2|Energy",9,7,5,"min",1352.93936310838,1.00046935093409
"engage-baseline","Emissions|CO2|Energy",9,7,5,"max",356.672255429808,0.623467932707491
"engage-baseline","Emissions|CO2|Energy",9,7,5,"median",453.989191170899,0.700949400915863
"engage-baseline","Emissions|CO2|Energy",9,7,5,"range",1354.4828907716,0.990095165669954
"engage-baseline","Emissions|CO2|Energy",9,7,5,"mean",556.769536987814,0.714285714285714
"engage-baseline","Emissions|CO2|Energy",9,7,5,"iqr",720.146308977818,0.688836361137947
"engage-baseline","Emissions|CO2|Energy",9,8,5,"min",1133.19631571829,0.83797412757866
"engage-baseline","Emissions|CO2|Energy",9,8,5,"max",145.525857777779,0.254381170172211
"engage-baseline","Emissions|CO2|Energy",9,8,5,"median",319.435226730207,0.493201017034069
"engage-baseline","Emissions|CO2|Energy",9,8,5,"range",1124.31504649301,0.821847879959989
"engage-baseline","Emissions|CO2|Energy",9,8,5,"mean",411.736625202418,0.528221409205323
"engage-baseline","Emissions|CO2|Energy",9,8,5,"iqr",484.701041854629,0.463627595876769
"engage-baseline","Final Energy|Electricity",9,3,5,"min",6.07523003449516,1.01374497247906
"engage-baseline","Final Energy|Electricity",9,3,5,"max",7.79231365883093,0.639607372832136
"engage-baseline","Final Energy|Electricity",9,3,5,"median",9.529937057983,1.10500582954134
"engage-baseline","Final Energy|Electricity",9,3,5,"range",8.48788821752349,0.672159127633026
"engage-baseline","Final Energy|Electricity",9,3,5,"mean",8.62174391725146,1.22720173418454
"engage-baseline","Final Energy|Electricity",9,3,5,"iqr",7.35072682085796,0.692086807956111
"engage-baseline","Final Energy|Electricity",9,4,5,"min",6.38886644523424,1.0660800005797
"engage-baseline","Final Energy|Electricity",9,4,5,"max",10.1012610928529,0.829130005896149
"engage-baseline","Final Energy|Electricity",9,4,5,"median",8.02896078880516,0.930966114761129
"engage-baseline","Final Energy|Electricity",9,4,5,"range",10.7794775602652,0.853630967746374
"engage-baseline","Final Energy|Electricity",9,4,5,"mean",7.85478252945107,1.11803398874989
"engage-baseline","Final Energy|Electricity",9,4,5,"iqr",8.65132710385128,0.814541133932355
"engage-baseline","Final Energy|Electricity",9,5,5,"min",5.99285836124888,1
"engage-baseline","Final Energy|Electricity",9,5,5,"max",12.1829640961253,1
"engage-baseline","Final Energy|Electricity",9,5,5,"median",8.62433192948732,1
"engage-baseline","Final Energy|Electricity",9,5,5,"range",12.627795812895,1
"engage-baseline","Final Energy|Electricity",9,5,5,"mean",7.02553107373214,1
"engage-baseline","Final Energy|Electricity",9,5,5,"iqr",10.6211052376021,1
"engage-baseline","Final Energy|Electricity",9,6,5,"min",5.10511487147255,0.851866432299372
"engage-baseline","Final Energy|Electricity",9,6,5,"max",13.6118546444599,1.11728595250388
"engage-baseline","Final Energy|Electricity",9,6,5,"median",6.75211178718817,0.78291418308033
"engage-baseline","Final Energy|Electricity",9,6,5,"range",13.8258536009871,1.09487465634095
"engage-baseline","Final Energy|Electricity",9,6,5,"mean",6.09649358954237,0.867762668125779
"engage-baseline","Final Energy|Electricity",9,6,5,"iqr",8.70064389342767,0.819184416196596
"engage-baseline","Final Energy|Electricity",9,7,5,"min",3.75262910030296,0.626183512790536
"engage-baseline","Final Energy|Electricity",9,7,5,"max",13.8629319777771,1.1378948397448
"engage-baseline","Final Energy|Electricity",9,7,5,"median",8.82604055495762,1.02338831890046
"engage-baseline","Final Energy|Electricity",9,7,5,"range",13.8978460362464,1.1005757649371
"engage-baseline","Final Energy|Electricity",9,7,5,"mean",5.01823648123724,0.714285714285714
"engage-baseline","Final Energy|Electricity",9,7,5,"iqr",7.25067964640989,0.682667150377174
"engage-baseline","Final Energy|Electricity",9,8,5,"min",1.52385034858073,0.254277718030895
"engage-baseline","Final Energy|Electricity",9,8,5,"max",12.3221937454184,1.01142822454327
"engage-baseline","Final Energy|Electricity",9,8,5,"median",5.58760886422809,0.647888892718007
"engage-baseline","Final Energy|Electricity",9,8,5,"range",12.2255586283792,0.968146682883087
"engage-baseline","Final Energy|Electricity",9,8,5,"mean",3.71103592418257,0.528221409205322
"engage-baseline","Final Energy|Electricity",9,8,5,"iqr",3.06453627649174,0.288532709914436
"engage-baseline","Final Energy|Gases",9,3,5,"min",3.40934255204114,1.12835349644816
"engage-baseline","Final Energy|Gases",9,3,5,"max",9.99673115490378,0.896448641429386
"engage-baseline","Final Energy|Gases",9,3,5,"median",13.0706387915952,1.45426105870293
"engage-baseline","Final Energy|Gases",9,3,5,"range",9.52328243350033,0.864328987078504
"engage-baseline","Final Energy|Gases",9,3,5,"mean",9.78231597164552,1.22720173418454
"engage-baseline","Final Energy|Gases",9,3,5,"iqr",8.24740451482537,0.471452986230887
"engage-baseline","Final Energy|Gases",9,4,5,"min",3.19956000161404,1.05892401828484
"engage-baseline","Final Energy|Gases",9,4,5,"max",11.225244405542,1.00661455641175
"engage-baseline","Final Energy|Gases",9,4,5,"median",10.9219158313911,1.21519056055903
"engage-baseline","Final Energy|Gases",9,4,5,"range",10.9581995162675,0.994561439738621
"engage-baseline","Final Energy|Gases",9,4,5,"mean",8.91211399098789,1.11803398874989
"engage-baseline","Final Energy|Gases",9,4,5,"iqr",12.3736131110148,0.707322751196117
"engage-baseline","Final Energy|Gases",9,5,5,"min",3.0215199073456,1
"engage-baseline","Final Energy|Gases",9,5,5,"max",11.1514822968151,1
"engage-baseline","Final Energy|Gases",9,5,5,"median",8.98782148732844,1
"engage-baseline","Final Energy|Gases",9,5,5,"range",11.0181222380262,1
"engage-baseline","Final Energy|Gases",9,5,5,"mean",7.97123708283035,1
"engage-baseline","Final Energy|Gases",9,5,5,"iqr",17.4935884503791,1
"engage-baseline","Final Energy|Gases",9,6,5,"min",2.87249454440016,0.950678675793881
"engage-baseline","Final Energy|Gases",9,6,5,"max",9.76768071304341,0.875908731508551
"engage-baseline","Final Energy|Gases",9,6,5,"median",7.10813500026934,0.790862948300743
"engage-baseline","Final Energy|Gases",9,6,5,"range",9.7854727348256,0.888125265215661
"engage-baseline","Final Energy|Gases",9,6,5,"mean",6.91714195926002,0.867762668125779
"engage-baseline","Final Energy|Gases",9,6,5,"iqr",15.4434055723872,0.882803754998167
"engage-baseline","Final Energy|Gases",9,7,5,"min",2.5029329894695,0.828368856145755
"engage-baseline","Final Energy|Gases",9,7,5,"max",6.93876814720277,0.622228324676127
"engage-baseline","Final Energy|Gases",9,7,5,"median",9.20756830172008,1.02444939685345
"engage-baseline","Final Energy|Gases",9,7,5,"range",7.11916024713906,0.646131899187787
"engage-baseline","Final Energy|Gases",9,7,5,"mean",5.69374077345025,0.714285714285714
"engage-baseline","Final Energy|Gases",9,7,5,"iqr",11.8132374991431,0.675289551520637
"engage-baseline","Final Energy|Gases",9,8,5,"min",1.90784339626393,0.631418443289347
"engage-baseline","Final Energy|Gases",9,8,5,"max",1.35560781938047,0.121563015866297
"engage-baseline","Final Energy|Gases",9,8,5,"median",6.018779698122,0.66965946159563
"engage-baseline","Final Energy|Gases",9,8,5,"range",2.19794611583204,0.199484637068774
"engage-baseline","Final Energy|Gases",9,8,5,"mean",4.21057808500238,0.528221409205323
"engage-baseline","Final Energy|Gases",9,8,5,"iqr",4.95942368022801,0.283499505792966
"engage-baseline","Final Energy|Heat",7,3,4,"min",2.18015012290408,0.950942760472424
"engage-baseline","Final Energy|Heat",7,3,4,"max",2.57484452679584,1.07788337503475
"engage-baseline","Final Energy|Heat",7,3,4,"median",4.22271059084814,1.24714551160013
"engage-baseline","Final Energy|Heat",7,3,4,"range",2.80193589862656,0.969296918935997
"engage-baseline","Final Energy|Heat",7,3,4,"mean",3.05647385670821,1.15470053837925
"engage-baseline","Final Energy|Heat",7,3,4,"iqr",2.14001389131172,0.646175916360654
"engage-baseline","Final Energy|Heat",7,4,4,"min",2.29261971753273,1
"engage-baseline","Final Energy|Heat",7,4,4,"max",2.38879695747495,1
"engage-baseline","Final Energy|Heat",7,4,4,"median",3.38590048360137,1
"engage-baseline","Final Energy|Heat",7,4,4,"range",2.8906889559726,1
"engage-baseline","Final Energy|Heat",7,4,4,"mean",2.64698400591231,1
"engage-baseline","Final Energy|Heat",7,4,4,"iqr",3.31181314117145,1
"engage-baseline","Final Energy|Heat",7,5,4,"min",2.42390144463437,1.05726275757714
"engage-baseline","Final Energy|Heat",7,5,4,"max",1.97040769486016,0.824853568527213
"engage-baseline","Final Energy|Heat",7,5,4,"median",4.17050736811293,1.23172768612414
"engage-baseline","Final Energy|Heat",7,5,4,"range",2.81310637686647,0.973161215098623
"engage-baseline","Final Energy|Heat",7,5,4,"mean",2.1827589291394,0.824621125123532
"engage-baseline","Final Energy|Heat",7,5,4,"iqr",3.38710680524108,1.02273487689677
"engage-baseline","Final Energy|Heat",7,6,4,"min",2.20812896226945,0.963146633252284
"engage-baseline","Final Energy|Heat",7,6,4,"max",1.68821372939787,0.706721315980901
"engage-baseline","Final Energy|Heat",7,6,4,"median",2.75954180065883,0.815009718691932
"engage-baseline","Final Energy|Heat",7,6,4,"range",2.54623275317592,0.880839409551489
"engage-baseline","Final Energy|Heat",7,6,4,"mean",1.62693244801679,0.614636297152859
"engage-baseline","Final Energy|Heat",7,6,4,"iqr",1.82810592028035,0.551995490794422
"engage-baseline","Final Energy|Hydrogen",9,3,5,"min",0.802643092782796,1.79649770053949
"engage-baseline","Final Energy|Hydrogen",9,3,5,"max",2.61050642590855,0.644859355693843
"engage-baseline","Final Energy|Hydrogen",9,3,5,"median",2.18333169784377,1.00177232094413
"engage-baseline","Final Energy|Hydrogen",9,3,5,"range",2.51067163333414,0.626171644634836
"engage-baseline","Final Energy|Hydrogen",9,3,5,"mean",2.1888608702089,1.22720173418454
"engage-baseline","Final Energy|Hydrogen",9,3,5,"iqr",2.17430541502833,1.20735273606428
"engage-baseline","Final Energy|Hydrogen",9,4,5,"min",0.662389276134539,1.48257777602247
"engage-baseline","Final Energy|Hydrogen",9,4,5,"max",3.38558936828883,0.836323924358401
"engage-baseline","Final Energy|Hydrogen",9,4,5,"median",1.86521166182072,0.855810144358513
"engage-baseline","Final Energy|Hydrogen",9,4,5,"range",3.32010286563515,0.828047062837436
"engage-baseline","Final Energy|Hydrogen",9,4,5,"mean",1.99414715720262,1.1180339887499
"engage-baseline","Final Energy|Hydrogen",9,4,5,"iqr",2.00799570774271,1.11500394332454
"engage-baseline","Final Energy|Hydrogen",9,5,5,"min",0.446782143134255,1
"engage-baseline","Final Energy|Hydrogen",9,5,5,"max",4.04817950279988,1
"engage-baseline","Final Energy|Hydrogen",9,5,5,"median",2.17946897932464,1
"engage-baseline","Final Energy|Hydrogen",9,5,5,"range",4.00955816962661,1
"engage-baseline","Final Energy|Hydrogen",9,5,5,"mean",1.7836194402572,1
"engage-baseline","Final Energy|Hydrogen",9,5,5,"iqr",1.80088664238763,1
"engage-baseline","Final Energy|Hydrogen",9,6,5,"min",0.213878886978554,0.478709568556515
"engage-baseline","Final Energy|Hydrogen",9,6,5,"max",4.48620514628905,1.10820311776842
"engage-baseline","Final Energy|Hydrogen",9,6,5,"median",1.77536038453933,0.81458391992781
"engage-baseline","Final Energy|Hydrogen",9,6,5,"range",4.47006568899329,1.11485243507755
"engage-baseline","Final Energy|Hydrogen",9,6,5,"mean",1.5477583643986,0.867762668125779
"engage-baseline","Final Energy|Hydrogen",9,6,5,"iqr",1.29438708625318,0.718749895627558
"engage-baseline","Final Energy|Hydrogen",9,7,5,"min",0.037112658632,0.0830665665633998
"engage-baseline","Final Energy|Hydrogen",9,7,5,"max",4.55851924323521,1.12606648002698
"engage-baseline","Final Energy|Hydrogen",9,7,5,"median",1.67528790420852,0.76866792787647
"engage-baseline","Final Energy|Hydrogen",9,7,5,"range",4.55531854207987,1.13611484092874
"engage-baseline","Final Energy|Hydrogen",9,7,5,"mean",1.274013885898,0.714285714285714
"engage-baseline","Final Energy|Hydrogen",9,7,5,"iqr",1.08296570956136,0.60135140328741
"engage-baseline","Final Energy|Hydrogen",9,8,5,"min",0,0
"engage-baseline","Final Energy|Hydrogen",9,8,5,"max",4.06250825687507,1.00353955501857
"engage-baseline","Final Energy|Hydrogen",9,8,5,"median",1.12705713823247,0.517124652346151
"engage-baseline","Final Energy|Hydrogen",9,8,5,"range",4.06250825687507,1.0132059655973
"engage-baseline","Final Energy|Hydrogen",9,8,5,"mean",0.942145974218669,0.528221409205323
"engage-baseline","Final Energy|Hydrogen",9,8,5,"iqr",0.935016611130751,0.51919792680071
"engage-baseline","Final Energy|Liquids",9,3,5,"min",6.1147158604861,1.49631994532167
"engage-baseline","Final Energy|Liquids",9,3,5,"max",7.41857451660921,0.822180023837089
"engage-baseline","Final Energy|Liquids",9,3,5,"median",14.8167813156503,0.948006896093084
"engage-baseline","Final Energy|Liquids",9,3,5,"range",8.10200348135711,0.874532541117033
"engage-baseline","Final Energy|Liquids",9,3,5,"mean",10.1838447251777,1.22720173418454
"engage-baseline","Final Energy|Liquids",9,3,5,"iqr",7.01654083640522,0.557943420382312
"engage-baseline","Final Energy|Liquids",9,4,5,"min",5.30000639318918,1.29695401346595
"engage-baseline","Final Energy|Liquids",9,4,5,"max",8.13835071016929,0.901950821670778
"engage-baseline","Final Energy|Liquids",9,4,5,"median",12.6157307527846,0.807179339298257
"engage-baseline","Final Energy|Liquids",9,4,5,"range",8.71360592255097,0.940549081134744
"engage-baseline","Final Energy|Liquids",9,4,5,"mean",9.27792409490505,1.11803398874989
"engage-baseline","Final Energy|Liquids",9,4,5,"iqr",10.9070290613826,0.867308441952272
"engage-baseline","Final Energy|Liquids",9,5,5,"min",4.08650294317342,1
"engage-baseline","Final Energy|Liquids",9,5,5,"max",9.02305371272213,1
"engage-baseline","Final Energy|Liquids",9,5,5,"median",15.6294024618524,1
"engage-baseline","Final Energy|Liquids",9,5,5,"range",9.26438194170396,1
"engage-baseline","Final Energy|Liquids",9,5,5,"mean",8.29842758651636,1
"engage-baseline","Final Energy|Liquids",9,5,5,"iqr",12.5757210858359,1
"engage-baseline","Final Energy|Liquids",9,6,5,"min",2.91279270791191,0.712783704898045
"engage-baseline","Final Energy|Liquids",9,6,5,"max",9.81091885295411,1.08731690681627
"engage-baseline","Final Energy|Liquids",9,6,5,"median",12.7622362612635,0.816553050726863
"engage-baseline","Final Energy|Liquids",9,6,5,"range",9.83667054958292,1.06177299376041
"engage-baseline","Final Energy|Liquids",9,6,5,"mean",7.20106566372401,0.86776266812578
"engage-baseline","Final Energy|Liquids",9,6,5,"iqr",8.76830901301314,0.697241053070822
"engage-baseline","Final Energy|Liquids",9,7,5,"min",2.03611616573719,0.498253933510207
"engage-baseline","Final Energy|Liquids",9,7,5,"max",10.0568061300138,1.11456791128641
"engage-baseline","Final Energy|Liquids",9,7,5,"median",12.2219563940934,0.781984879071626
"engage-baseline","Final Energy|Liquids",9,7,5,"range",10.0018267150762,1.0795999968495
"engage-baseline","Final Energy|Liquids",9,7,5,"mean",5.92744827608312,0.714285714285714
"engage-baseline","Final Energy|Liquids",9,7,5,"iqr",7.15255487856752,0.568759026201965
"engage-baseline","Final Energy|Liquids",9,8,5,"min",1.80256339288448,0.441101699411644
"engage-baseline","Final Energy|Liquids",9,8,5,"max",9.06496713706568,1.00464514849163
"engage-baseline","Final Energy|Liquids",9,8,5,"median",8.49105311212468,0.54327432752783
"engage-baseline","Final Energy|Liquids",9,8,5,"range",9.01874822254753,0.973486227068133
"engage-baseline","Final Energy|Liquids",9,8,5,"mean",4.383407113938,0.528221409205323
"engage-baseline","Final Energy|Liquids",9,8,5,"iqr",7.80620230966798,0.620735960696533
"engage-baseline","Final Energy|Solar",6,3,4,"min",0.710946880230689,1944.07511775294
"engage-baseline","Final Energy|Solar",6,3,4,"max",6.03873229300149,1.13506882750785
"engage-baseline","Final Energy|Solar",6,3,4,"median",7.42889034661863,1.34260613934956
"engage-baseline","Final Energy|Solar",6,3,4,"range",5.95795777715321,1.11989748210634
"engage-baseline","Final Energy|Solar",6,3,4,"mean",4.68753113781333,1.21395395733377
"engage-baseline","Final Energy|Solar",6,3,4,"iqr",4.21291234624816,0.570853691020483
"engage-baseline","Final Energy|Solar",6,4,4,"min",0.000365699284836502,1
"engage-baseline","Final Energy|Solar",6,4,4,"max",5.3201463617498,1
"engage-baseline","Final Energy|Solar",6,4,4,"median",5.53318663522397,1
"engage-baseline","Final Energy|Solar",6,4,4,"range",5.32009212660012,1
"engage-baseline","Final Energy|Solar",6,4,4,"mean",3.86137473295004,1
"engage-baseline","Final Energy|Solar",6,4,4,"iqr",7.3800212077406,1
"engage-baseline","Final Energy|Solar",6,5,4,"min",0,0
"engage-baseline","Final Energy|Solar",6,5,4,"max",2.95998719541023,0.556373263843194
"engage-baseline","Final Energy|Solar",6,5,4,"median",3.17855609818214,0.574453078800492
"engage-baseline","Final Energy|Solar",6,5,4,"range",2.95998719541023,0.556378935735058
"engage-baseline","Final Energy|Solar",6,5,4,"mean",2.88958825852896,0.748331477354788
"engage-baseline","Final Energy|Solar",6,5,4,"iqr",9.74991015482225,1.32112224075941
"engage-baseline","Final Energy|Solids",9,3,5,"min",4.03285325940443,1.12668865915579
"engage-baseline","Final Energy|Solids",9,3,5,"max",4.58954246018169,1.46871917959642
"engage-baseline","Final Energy|Solids",9,3,5,"median",10.5740932819291,1.06509459293008
"engage-baseline","Final Energy|Solids",9,3,5,"range",5.15432601205004,1.16986457310924
"engage-baseline","Final Energy|Solids",9,3,5,"mean",6.83248729028631,1.22720173418454
"engage-baseline","Final Energy|Solids",9,3,5,"iqr",4.46377726582227,0.4584172226832
"engage-baseline","Final Energy|Solids",9,4,5,"min",3.81816661171853,1.06671002971873
"engage-baseline","Final Energy|Solids",9,4,5,"max",4.15447773577337,1.32949224997367
"engage-baseline","Final Energy|Solids",9,4,5,"median",9.004466558876,0.906991113882896
"engage-baseline","Final Energy|Solids",9,4,5,"range",5.03729092785291,1.14330141073011
"engage-baseline","Final Energy|Solids",9,4,5,"mean",6.22469216385011,1.11803398874989
"engage-baseline","Final Energy|Solids",9,4,5,"iqr",7.62544352072425,0.783111349946374
"engage-baseline","Final Energy|Solids",9,5,5,"min",3.57938568621626,1
"engage-baseline","Final Energy|Solids",9,5,5,"max",3.12486043890488,1
"engage-baseline","Final Energy|Solids",9,5,5,"median",9.92784429863619,1
"engage-baseline","Final Energy|Solids",9,5,5,"range",4.40591683048491,1
"engage-baseline","Final Energy|Solids",9,5,5,"mean",5.56753392695164,1
"engage-baseline","Final Energy|Solids",9,5,5,"iqr",9.73736815492001,1
"engage-baseline","Final Energy|Solids",9,6,5,"min",3.07357690785309,0.858688383229846
"engage-baseline","Final Energy|Solids",9,6,5,"max",1.90326005120832,0.60907041719768
"engage-baseline","Final Energy|Solids",9,6,5,"median",8.02529964591942,0.808362762802582
"engage-baseline","Final Energy|Solids",9,6,5,"range",3.44455687467915,0.781802518569113
"engage-baseline","Final Energy|Solids",9,6,5,"mean",4.83129809533235,0.867762668125779
"engage-baseline","Final Energy|Solids",9,6,5,"iqr",7.45953702029093,0.766073224469986
"engage-baseline","Final Energy|Solids",9,7,5,"min",2.12923351698577,0.59486004125936
"engage-baseline","Final Energy|Solids",9,7,5,"max",0.91240145831019,0.291981506422074
"engage-baseline","Final Energy|Solids",9,7,5,"median",7.2615257459221,0.731430260939893
"engage-baseline","Final Energy|Solids",9,7,5,"range",2.23030235435303,0.506206185945539
"engage-baseline","Final Energy|Solids",9,7,5,"mean",3.9768099478226,0.714285714285714
"engage-baseline","Final Energy|Solids",9,7,5,"iqr",6.41782712519742,0.659092582625078
"engage-baseline","Final Energy|Solids",9,8,5,"min",0.311111111111111,0.0869174596940362
"engage-baseline","Final Energy|Solids",9,8,5,"max",0.668158664887684,0.213820321883509
"engage-baseline","Final Energy|Solids",9,8,5,"median",5.00325200158474,0.503961570214396
"engage-baseline","Final Energy|Solids",9,8,5,"range",0.700898158624597,0.15908111423598
"engage-baseline","Final Energy|Solids",9,8,5,"mean",2.94089061669284,0.528221409205323
"engage-baseline","Final Energy|Solids",9,8,5,"iqr",6.04428984400009,0.620731366816616
"engage-baseline","Primary Energy|Biomass",9,3,5,"min",6.10457556989643,1.81072652086332
"engage-baseline","Primary Energy|Biomass",9,3,5,"max",11.4694818566532,0.723917649641963
"engage-baseline","Primary Energy|Biomass",9,3,5,"median",16.4861886804377,0.910340437568505
"engage-baseline","Primary Energy|Biomass",9,3,5,"range",11.374594527705,0.72632469180438
"engage-baseline","Primary Energy|Biomass",9,3,5,"mean",12.3760350495533,1.22720173418454
"engage-baseline","Primary Energy|Biomass",9,3,5,"iqr",9.85068781873994,0.706399436651597
"engage-baseline","Primary Energy|Biomass",9,4,5,"min",4.96998090743246,1.47418540965412
"engage-baseline","Primary Energy|Biomass",9,4,5,"max",13.7259963667194,0.866341753967347
"engage-baseline","Primary Energy|Biomass",9,4,5,"median",13.9390044405528,0.769689080214097
"engage-baseline","Primary Energy|Biomass",9,4,5,"range",13.6236707523044,0.869939445868617
"engage-baseline","Primary Energy|Biomass",9,4,5,"mean",11.2751045292117,1.11803398874989
"engage-baseline","Primary Energy|Biomass",9,4,5,"iqr",13.3069067484199,0.954247216400118
"engage-baseline","Primary Energy|Biomass",9,5,5,"min",3.37134045343628,1
"engage-baseline","Primary Energy|Biomass",9,5,5,"max",15.8436278799472,1
"engage-baseline","Primary Energy|Biomass",9,5,5,"median",18.1099158074005,1
"engage-baseline","Primary Energy|Biomass",9,5,5,"range",15.6604816772062,1
"engage-baseline","Primary Energy|Biomass",9,5,5,"mean",10.0847600722932,1
"engage-baseline","Primary Energy|Biomass",9,5,5,"iqr",13.9449259266587,1
"engage-baseline","Primary Energy|Biomass",9,6,5,"min",1.98850894904759,0.589827392549685
"engage-baseline","Primary Energy|Biomass",9,6,5,"max",17.3950246385881,1.09791928782956
"engage-baseline","Primary Energy|Biomass",9,6,5,"median",14.3837035118135,0.79424463729068
"engage-baseline","Primary Energy|Biomass",9,6,5,"range",17.2204295812732,1.09961046768679
"engage-baseline","Primary Energy|Biomass",9,6,5,"mean",8.7511783077415,0.867762668125779
"engage-baseline","Primary Energy|Biomass",9,6,5,"iqr",8.93451611186465,0.64070014848802
"engage-baseline","Primary Energy|Biomass",9,7,5,"min",1.44607656331276,0.428932225411654
"engage-baseline","Primary Energy|Biomass",9,7,5,"max",17.6540741357453,1.11426967797505
"engage-baseline","Primary Energy|Biomass",9,7,5,"median",17.7456339984542,0.979884952927422
"engage-baseline","Primary Energy|Biomass",9,7,5,"range",17.5328342971266,1.11955906967061
"engage-baseline","Primary Energy|Biomass",9,7,5,"mean",7.20340005163802,0.714285714285714
"engage-baseline","Primary Energy|Biomass",9,7,5,"iqr",7.2926418485385,0.522960242807534
"engage-baseline","Primary Energy|Biomass",9,8,5,"min",0.563604479697702,0.167175189655866
"engage-baseline","Primary Energy|Biomass",9,8,5,"max",15.8311673085596,0.999213527893861
"engage-baseline","Primary Energy|Biomass",9,8,5,"median",11.4939309562417,0.634676112163081
"engage-baseline","Primary Energy|Biomass",9,8,5,"range",15.7706334418645,1.00703374052783
"engage-baseline","Primary Energy|Biomass",9,8,5,"mean",5.3269861768843,0.528221409205323
"engage-baseline","Primary Energy|Biomass",9,8,5,"iqr",5.76224459023554,0.413214427996336
"engage-baseline","Primary Energy|Coal",9,3,5,"min",6.00062663062782,1.10852670085023
"engage-baseline","Primary Energy|Coal",9,3,5,"max",10.4410813540016,0.730319708728074
"engage-baseline","Primary Energy|Coal",9,3,5,"median",12.3610501387259,1.27082824389099
"engage-baseline","Primary Energy|Coal",9,3,5,"range",10.3209828313746,0.721244879996748
"engage-baseline","Primary Energy|Coal",9,3,5,"mean",10.9730269150343,1.22720173418454
"engage-baseline","Primary Energy|Coal",9,3,5,"iqr",8.93823332399348,0.749522856678658
"engage-baseline","Primary Energy|Coal",9,4,5,"min",6.04390728166021,1.11652215870036
"engage-baseline","Primary Energy|Coal",9,4,5,"max",12.7247752796661,0.890056677157704
"engage-baseline","Primary Energy|Coal",9,4,5,"median",10.55892628078,1.08555354053124
"engage-baseline","Primary Energy|Coal",9,4,5,"range",12.7565854718585,0.891448237841264
"engage-baseline","Primary Energy|Coal",9,4,5,"mean",9.99690328715823,1.11803398874989
"engage-baseline","Primary Energy|Coal",9,4,5,"iqr",10.2906665869989,0.862932252698114
"engage-baseline","Primary Energy|Coal",9,5,5,"min",5.41315479909092,1
"engage-baseline","Primary Energy|Coal",9,5,5,"max",14.2965898759405,1
"engage-baseline","Primary Energy|Coal",9,5,5,"median",9.72676693183894,1
"engage-baseline","Primary Energy|Coal",9,5,5,"range",14.3099564622506,1
"engage-baseline","Primary Energy|Coal",9,5,5,"mean",8.94150212583077,1
"engage-baseline","Primary Energy|Coal",9,5,5,"iqr",11.9252311578612,1
"engage-baseline","Primary Energy|Coal",9,6,5,"min",4.22760411453567,0.780987108524155
"engage-baseline","Primary Energy|Coal",9,6,5,"max",14.895642238882,1.04190176595536
"engage-baseline","Primary Energy|Coal",9,6,5,"median",7.85502489066944,0.807567914982864
"engage-baseline","Primary Energy|Coal",9,6,5,"range",14.8355327936765,1.03672801750392
"engage-baseline","Primary Energy|Coal",9,6,5,"mean",7.75910174176323,0.867762668125779
"engage-baseline","Primary Energy|Coal",9,6,5,"iqr",9.97255477506358,0.836256726855109
"engage-baseline","Primary Energy|Coal",9,7,5,"min",2.75024649967373,0.50806721805473
"engage-baseline","Primary Energy|Coal",9,7,5,"max",14.2820339780371,0.998981862246193
"engage-baseline","Primary Energy|Coal",9,7,5,"median",5.34728366619579,0.549749336410268
"engage-baseline","Primary Energy|Coal",9,7,5,"range",14.1682779426157,0.990099304633899
"engage-baseline","Primary Energy|Coal",9,7,5,"mean",6.38678723273626,0.714285714285714
"engage-baseline","Primary Energy|Coal",9,7,5,"iqr",8.3481108792581,0.700037657027298
"engage-baseline","Primary Energy|Coal",9,8,5,"min",1.59824457175784,0.295251961393428
"engage-baseline","Primary Energy|Coal",9,8,5,"max",12.0046488189496,0.839686171536054
"engage-baseline","Primary Energy|Coal",9,8,5,"median",3.58475640855641,0.368545523263472
"engage-baseline","Primary Energy|Coal",9,8,5,"range",11.9108936597879,0.832350097724516
"engage-baseline","Primary Energy|Coal",9,8,5,"mean",4.72309285331872,0.528221409205323
"engage-baseline","Primary Energy|Coal",9,8,5,"iqr",7.88361073150736,0.661086617705554
"engage-baseline","Primary Energy|Gas",9,3,5,"min",6.1562684091315,1.13509667021484
"engage-baseline","Primary Energy|Gas",9,3,5,"max",3.66256641727201,1.36802298917679
"engage-baseline","Primary Energy|Gas",9,3,5,"median",11.6734610374478,1.00819272316363
"engage-baseline","Primary Energy|Gas",9,3,5,"range",6.13377930908879,1.09702644091607
"engage-baseline","Primary Energy|Gas",9,3,5,"mean",7.77644679491567,1.22720173418454
"engage-baseline","Primary Energy|Gas",9,3,5,"iqr",5.31200870287825,0.491856838470455
"engage-baseline","Primary Energy|Gas",9,4,5,"min",6.06633430343396,1.11851456281929
"engage-baseline","Primary Energy|Gas",9,4,5,"max",3.05264052185238,1.14020660264153
"engage-baseline","Primary Energy|Gas",9,4,5,"median",9.93100062142893,0.857703000690114
"engage-baseline","Primary Energy|Gas",9,4,5,"range",6.13030110520476,1.0964043641449
"engage-baseline","Primary Energy|Gas",9,4,5,"mean",7.08468020068288,1.11803398874989
"engage-baseline","Primary Energy|Gas",9,4,5,"iqr",8.86095378172169,0.820465657473216
"engage-baseline","Primary Energy|Gas",9,5,5,"min",5.4235630943806,1
"engage-baseline","Primary Energy|Gas",9,5,5,"max",2.67726964111617,1
"engage-baseline","Primary Energy|Gas",9,5,5,"median",11.5786007667437,1
"engage-baseline","Primary Energy|Gas",9,5,5,"range",5.59127754839416,1
"engage-baseline","Primary Energy|Gas",9,5,5,"mean",6.33673061102951,1
"engage-baseline","Primary Energy|Gas",9,5,5,"iqr",10.7999081997054,1
"engage-baseline","Primary Energy|Gas",9,6,5,"min",4.70012836548985,0.866612646280394
"engage-baseline","Primary Energy|Gas",9,6,5,"max",2.32097446813278,0.866918457703482
"engage-baseline","Primary Energy|Gas",9,6,5,"median",9.38226737524467,0.810310983533745
"engage-baseline","Primary Energy|Gas",9,6,5,"range",4.91918557756126,0.879796349758038
"engage-baseline","Primary Energy|Gas",9,6,5,"mean",5.49877826222127,0.867762668125779
"engage-baseline","Primary Energy|Gas",9,6,5,"iqr",8.06944121073813,0.747176833499216
"engage-baseline","Primary Energy|Gas",9,7,5,"min",4.12589143625256,0.760734477400555
"engage-baseline","Primary Energy|Gas",9,7,5,"max",1.77326302445097,0.662340093510973
"engage-baseline","Primary Energy|Gas",9,7,5,"median",8.67942714432368,0.749609328378685
"engage-baseline","Primary Energy|Gas",9,7,5,"range",4.2720275048823,0.764052127247598
"engage-baseline","Primary Energy|Gas",9,7,5,"mean",4.52623615073537,0.714285714285714
"engage-baseline","Primary Energy|Gas",9,7,5,"iqr",7.13546359508004,0.660696689558404
"engage-baseline","Primary Energy|Gas",9,8,5,"min",3.58126402660773,0.660315730505342
"engage-baseline","Primary Energy|Gas",9,8,5,"max",0.83665797770347,0.312504188914891
"engage-baseline","Primary Energy|Gas",9,8,5,"median",6.11937771443862,0.528507531930354
"engage-baseline","Primary Energy|Gas",9,8,5,"range",3.57440558980071,0.639282446428954
"engage-baseline","Primary Energy|Gas",9,8,5,"mean",3.34719677311252,0.528221409205323
"engage-baseline","Primary Energy|Gas",9,8,5,"iqr",7.48021241798541,0.692618148197726
"engage-baseline","Primary Energy|Geothermal",8,3,4,"min",0.330422767496734,1.08814036735513
"engage-baseline","Primary Energy|Geothermal",8,3,4,"max",3.59761543036935,0.741455344701337
"engage-baseline","Primary Energy|Geothermal",8,3,4,"median",0.779659902006961,1.19565433474511
"engage-baseline","Primary Energy|Geothermal",8,3,4,"range",3.52291885027768,0.734118568721305
"engage-baseline","Primary Energy|Geothermal",8,3,4,"mean",2.15238734337327,1.12006493318265
"engage-baseline","Primary Energy|Geothermal",8,3,4,"iqr",2.87645119613756,1.5489560590179
"engage-baseline","Primary Energy|Geothermal",8,4,4,"min",0.303658220400251,1
"engage-baseline","Primary Energy|Geothermal",8,4,4,"max",4.85209993572639,1
"engage-baseline","Primary Energy|Geothermal",8,4,4,"median",0.652078012307102,1
"engage-baseline","Primary Energy|Geothermal",8,4,4,"range",4.79884176804563,1
"engage-baseline","Primary Energy|Geothermal",8,4,4,"mean",1.92166300328436,1
"engage-baseline","Primary Energy|Geothermal",8,4,4,"iqr",1.85702569120092,1
"engage-baseline","Primary Energy|Geothermal",8,5,4,"min",0.278965467981789,0.918682417403638
"engage-baseline","Primary Energy|Geothermal",8,5,4,"max",5.81750605152762,1.1989666595061
"engage-baseline","Primary Energy|Geothermal",8,5,4,"median",0.761419207695172,1.16768115673953
"engage-baseline","Primary Energy|Geothermal",8,5,4,"range",5.77686405203519,1.20380382001798
"engage-baseline","Primary Energy|Geothermal",8,5,4,"mean",1.66723206709446,0.867598566577466
"engage-baseline","Primary Energy|Geothermal",8,5,4,"iqr",0.609015997854908,0.327952381456319
"engage-baseline","Primary Energy|Geothermal",8,6,4,"min",0.257096460977844,0.846663925774728
"engage-baseline","Primary Energy|Geothermal",8,6,4,"max",6.25996245337787,1.29015530106569
"engage-baseline","Primary Energy|Geothermal",8,6,4,"median",0.589933075336086,0.904697082560502
"engage-baseline","Primary Energy|Geothermal",8,6,4,"range",6.22734022457834,1.2976756737521
"engage-baseline","Primary Energy|Geothermal",8,6,4,"mean",1.37383599262481,0.714920352984241
"engage-baseline","Primary Energy|Geothermal",8,6,4,"iqr",0.41046695233832,0.221034611574424
"engage-baseline","Primary Energy|Geothermal",8,7,4,"min",0.235125989842244,0.774311294890437
"engage-baseline","Primary Energy|Geothermal",8,7,4,"max",5.83794596718111,1.20317925115183
"engage-baseline","Primary Energy|Geothermal",8,7,4,"median",0.295857062241393,0.453714213111753
"engage-baseline","Primary Energy|Geothermal",8,7,4,"range",5.80901978182477,1.21050454726507
"engage-baseline","Primary Energy|Geothermal",8,7,4,"mean",1.01980874592557,0.530690732028763
"engage-baseline","Primary Energy|Geothermal",8,7,4,"iqr",0.322550454764755,0.173691972218309
"engage-baseline","Primary Energy|Hydro",9,3,5,"min",1.64758821602427,0.69552380373464
"engage-baseline","Primary Energy|Hydro",9,3,5,"max",1.89141338438873,0.671954939566932
"engage-baseline","Primary Energy|Hydro",9,3,5,"median",1.66717449895066,1.22008313351708
"engage-baseline","Primary Energy|Hydro",9,3,5,"range",2.17346198411083,0.645737041299352
"engage-baseline","Primary Energy|Hydro",9,3,5,"mean",2.01156707458459,1.22720173418454
"engage-baseline","Primary Energy|Hydro",9,3,5,"iqr",1.88227329239971,1.06564062065603
"engage-baseline","Primary Energy|Hydro",9,4,5,"min",2.06100967717796,0.870048277999821
"engage-baseline","Primary Energy|Hydro",9,4,5,"max",2.41744663235022,0.858836687502958
"engage-baseline","Primary Energy|Hydro",9,4,5,"median",1.40844369533898,1.0307369734081
"engage-baseline","Primary Energy|Hydro",9,4,5,"range",2.85249099687282,0.847477025188111
"engage-baseline","Primary Energy|Hydro",9,4,5,"mean",1.83262482229965,1.1180339887499
"engage-baseline","Primary Energy|Hydro",9,4,5,"iqr",1.81190526403283,1.02580207557014
"engage-baseline","Primary Energy|Hydro",9,5,5,"min",2.36884518858663,1
"engage-baseline","Primary Energy|Hydro",9,5,5,"max",2.8147919942485,1
"engage-baseline","Primary Energy|Hydro",9,5,5,"median",1.3664433620558,1
"engage-baseline","Primary Energy|Hydro",9,5,5,"range",3.36586233265694,1
"engage-baseline","Primary Energy|Hydro",9,5,5,"mean",1.63914947196619,1
"engage-baseline","Primary Energy|Hydro",9,5,5,"iqr",1.76633027675029,1
"engage-baseline","Primary Energy|Hydro",9,6,5,"min",2.55693681942303,1.07940224702849
"engage-baseline","Primary Energy|Hydro",9,6,5,"max",3.00520935689418,1.06764882202123
"engage-baseline","Primary Energy|Hydro",9,6,5,"median",1.07256811980987,0.784934194562007
"engage-baseline","Primary Energy|Hydro",9,6,5,"range",3.65303427826472,1.08531898135628
"engage-baseline","Primary Energy|Hydro",9,6,5,"mean",1.42239271925035,0.86776266812578
"engage-baseline","Primary Energy|Hydro",9,6,5,"iqr",1.44531841815657,0.818260569487426
"engage-baseline","Primary Energy|Hydro",9,7,5,"min",2.58199567776307,1.08998075948712
"engage-baseline","Primary Energy|Hydro",9,7,5,"max",2.92634263917098,1.03963015567417
"engage-baseline","Primary Energy|Hydro",9,7,5,"median",0.509412554514528,0.372801806983146
"engage-baseline","Primary Energy|Hydro",9,7,5,"range",3.6386517240318,1.0810459146615
"engage-baseline","Primary Energy|Hydro",9,7,5,"mean",1.17082105140442,0.714285714285715
"engage-baseline","Primary Energy|Hydro",9,7,5,"iqr",1.22102209871578,0.691276209657814
"engage-baseline","Primary Energy|Hydro",9,8,5,"min",2.32678281820603,0.982243512331129
"engage-baseline","Primary Energy|Hydro",9,8,5,"max",2.49250060737903,0.885500815858505
"engage-baseline","Primary Energy|Hydro",9,8,5,"median",0.317442358089313,0.232312854600665
"engage-baseline","Primary Energy|Hydro",9,8,5,"range",3.19007847301273,0.947774495130508
"engage-baseline","Primary Energy|Hydro",9,8,5,"mean",0.865833843980143,0.528221409205323
"engage-baseline","Primary Energy|Hydro",9,8,5,"iqr",1.24233362501879,0.703341635124121
"engage-baseline","Primary Energy|Nuclear",9,3,5,"min",1.22005870021284,1.00476257471065
"engage-baseline","Primary Energy|Nuclear",9,3,5,"max",2.31405833181545,0.871428128389545
"engage-baseline","Primary Energy|Nuclear",9,3,5,"median",3.08539091433988,1.9547341870586
"engage-baseline","Primary Energy|Nuclear",9,3,5,"range",2.26953270320664,0.831189578900471
"engage-baseline","Primary Energy|Nuclear",9,3,5,"mean",2.44152141131171,1.22720173418454
"engage-baseline","Primary Energy|Nuclear",9,3,5,"iqr",1.96547297569652,0.484239614589297
"engage-baseline","Primary Energy|Nuclear",9,4,5,"min",1.28948306705082,1.06193605788782
"engage-baseline","Primary Energy|Nuclear",9,4,5,"max",2.64463091903447,0.995915159254992
"engage-baseline","Primary Energy|Nuclear",9,4,5,"median",2.59187220609123,1.64206784501324
"engage-baseline","Primary Energy|Nuclear",9,4,5,"range",2.67138042428667,0.978361566153484
"engage-baseline","Primary Energy|Nuclear",9,4,5,"mean",2.2243318649814,1.11803398874989
"engage-baseline","Primary Energy|Nuclear",9,4,5,"iqr",2.78227895446091,0.68547861265333
"engage-baseline","Primary Energy|Nuclear",9,5,5,"min",1.21427562184449,1
"engage-baseline","Primary Energy|Nuclear",9,5,5,"max",2.65547812427398,1
"engage-baseline","Primary Energy|Nuclear",9,5,5,"median",1.57841968220889,1
"engage-baseline","Primary Energy|Nuclear",9,5,5,"range",2.73046337540572,1
"engage-baseline","Primary Energy|Nuclear",9,5,5,"mean",1.98950290184691,1
"engage-baseline","Primary Energy|Nuclear",9,5,5,"iqr",4.05888513967102,1
"engage-baseline","Primary Energy|Nuclear",9,6,5,"min",0.989162121173038,0.814610870364422
"engage-baseline","Primary Energy|Nuclear",9,6,5,"max",2.32287552033742,0.874748505402394
"engage-baseline","Primary Energy|Nuclear",9,6,5,"median",1.28056637739643,0.811296508672756
"engage-baseline","Primary Energy|Nuclear",9,6,5,"range",2.41747402227115,0.885371341745952
"engage-baseline","Primary Energy|Nuclear",9,6,5,"mean",1.72641634635066,0.867762668125779
"engage-baseline","Primary Energy|Nuclear",9,6,5,"iqr",3.60974736660949,0.889344547183236
"engage-baseline","Primary Energy|Nuclear",9,7,5,"min",0.629120017297472,0.518103143948354
"engage-baseline","Primary Energy|Nuclear",9,7,5,"max",1.64709948239226,0.620264752827738
"engage-baseline","Primary Energy|Nuclear",9,7,5,"median",0.892489432048531,0.565432275147225
"engage-baseline","Primary Energy|Nuclear",9,7,5,"range",1.72221911923627,0.630742435422837
"engage-baseline","Primary Energy|Nuclear",9,7,5,"mean",1.42107350131922,0.714285714285715
"engage-baseline","Primary Energy|Nuclear",9,7,5,"iqr",2.79144232738996,0.687736220990036
"engage-baseline","Primary Energy|Nuclear",9,8,5,"min",0.0791433671111111,0.0651774322792482
"engage-baseline","Primary Energy|Nuclear",9,8,5,"max",0.517003497368627,0.194693186376739
"engage-baseline","Primary Energy|Nuclear",9,8,5,"median",0.59701544355177,0.378236187929619
"engage-baseline","Primary Energy|Nuclear",9,8,5,"range",0.513153913998113,0.187936567331493
"engage-baseline","Primary Energy|Nuclear",9,8,5,"mean",1.05089802643166,0.528221409205323
"engage-baseline","Primary Energy|Nuclear",9,8,5,"iqr",1.7410736584246,0.428953665480102
"engage-baseline","Primary Energy|Oil",9,3,5,"min",9.25638430483331,0.971664551550622
"engage-baseline","Primary Energy|Oil",9,3,5,"max",5.97938525287861,0.682775105569039
"engage-baseline","Primary Energy|Oil",9,3,5,"median",13.2575740244979,1.00723701012943
"engage-baseline","Primary Energy|Oil",9,3,5,"range",9.55173657478718,0.810176228968308
"engage-baseline","Primary Energy|Oil",9,3,5,"mean",10.3217860466201,1.22720173418454
"engage-baseline","Primary Energy|Oil",9,3,5,"iqr",8.27204652402266,0.521701454673483
"engage-baseline","Primary Energy|Oil",9,4,5,"min",9.88606570514412,1.03776369731894
"engage-baseline","Primary Energy|Oil",9,4,5,"max",7.2366715134378,0.826342332462561
"engage-baseline","Primary Energy|Oil",9,4,5,"median",11.109158982946,0.844012340293825
"engage-baseline","Primary Energy|Oil",9,4,5,"range",10.9832563753884,0.931597428628058
"engage-baseline","Primary Energy|Oil",9,4,5,"mean",9.40359461958707,1.11803398874989
"engage-baseline","Primary Energy|Oil",9,4,5,"iqr",12.4111967532944,0.782749393590662
"engage-baseline","Primary Energy|Oil",9,5,5,"min",9.52631676236577,1
"engage-baseline","Primary Energy|Oil",9,5,5,"max",8.75747402637838,1
"engage-baseline","Primary Energy|Oil",9,5,5,"median",13.1623181943982,1
"engage-baseline","Primary Energy|Oil",9,5,5,"range",11.7897023305047,1
"engage-baseline","Primary Energy|Oil",9,5,5,"mean",8.41083072089919,1
"engage-baseline","Primary Energy|Oil",9,5,5,"iqr",15.8559008220513,1
"engage-baseline","Primary Energy|Oil",9,6,5,"min",8.76467643118355,0.92004881317918
"engage-baseline","Primary Energy|Oil",9,6,5,"max",9.87795764284363,1.12794598226501
"engage-baseline","Primary Energy|Oil",9,6,5,"median",10.3623586940214,0.787274592588985
"engage-baseline","Primary Energy|Oil",9,6,5,"range",12.1973550886785,1.03457701871904
"engage-baseline","Primary Energy|Oil",9,6,5,"mean",7.29860490752175,0.867762668125779
"engage-baseline","Primary Energy|Oil",9,6,5,"iqr",12.5582881086056,0.792026151623023
"engage-baseline","Primary Energy|Oil",9,7,5,"min",7.92497793981566,0.831903676678453
"engage-baseline","Primary Energy|Oil",9,7,5,"max",10.1398735105915,1.15785367790406
"engage-baseline","Primary Energy|Oil",9,7,5,"median",9.38497249320454,0.713018205045272
"engage-baseline","Primary Energy|Oil",9,7,5,"range",12.0101020221724,1.01869425414563
"engage-baseline","Primary Energy|Oil",9,7,5,"mean",6.00773622921371,0.714285714285714
"engage-baseline","Primary Energy|Oil",9,7,5,"iqr",11.7331810899774,0.739988299728743
"engage-baseline","Primary Energy|Oil",9,8,5,"min",6.72075891565393,0.705493957770191
"engage-baseline","Primary Energy|Oil",9,8,5,"max",9.0691495896963,1.03558966459725
"engage-baseline","Primary Energy|Oil",9,8,5,"median",5.90643438229051,0.448738155016207
"engage-baseline","Primary Energy|Oil",9,8,5,"range",10.5915146552343,0.89836998071018
"engage-baseline","Primary Energy|Oil",9,8,5,"mean",4.44278085598079,0.528221409205322
"engage-baseline","Primary Energy|Oil",9,8,5,"iqr",10.4477175844877,0.658916683557814
"engage-baseline","Primary Energy|Solar",9,3,5,"min",5.9762547804982,0.811316295275567
"engage-baseline","Primary Energy|Solar",9,3,5,"max",7.62268675110636,0.926472627038088
"engage-baseline","Primary Energy|Solar",9,3,5,"median",10.9716504500006,1.47439428043332
"engage-baseline","Primary Energy|Solar",9,3,5,"range",8.09971482198007,0.816903886747807
"engage-baseline","Primary Energy|Solar",9,3,5,"mean",9.19575238167223,1.22720173418454
"engage-baseline","Primary Energy|Solar",9,3,5,"iqr",7.01455879924409,0.557882551049624
"engage-baseline","Primary Energy|Solar",9,4,5,"min",6.8849788802551,0.934681629773727
"engage-baseline","Primary Energy|Solar",9,4,5,"max",8.42534393437638,1.02402876878656
"engage-baseline","Primary Energy|Solar",9,4,5,"median",9.30732030074376,1.25073797056457
"engage-baseline","Primary Energy|Solar",9,4,5,"range",9.51840030649911,0.959986663345241
"engage-baseline","Primary Energy|Solar",9,4,5,"mean",8.37772912834828,1.11803398874989
"engage-baseline","Primary Energy|Solar",9,4,5,"iqr",9.4202478185556,0.749212036700268
"engage-baseline","Primary Energy|Solar",9,5,5,"min",7.36612196167999,1
"engage-baseline","Primary Energy|Solar",9,5,5,"max",8.22764378422698,1
"engage-baseline","Primary Energy|Solar",9,5,5,"median",7.44146297608808,1
"engage-baseline","Primary Energy|Solar",9,5,5,"range",9.91513806382537,1
"engage-baseline","Primary Energy|Solar",9,5,5,"mean",7.49326873122673,1
"engage-baseline","Primary Energy|Solar",9,5,5,"iqr",12.5735404092611,1
"engage-baseline","Primary Energy|Solar",9,6,5,"min",7.25950690930984,0.985526298244207
"engage-baseline","Primary Energy|Solar",9,6,5,"max",7.11210551868688,0.8644158285415
"engage-baseline","Primary Energy|Solar",9,6,5,"median",5.95082292293896,0.799684543491105
"engage-baseline","Primary Energy|Solar",9,6,5,"range",9.30098112370952,0.938058659782403
"engage-baseline","Primary Energy|Solar",9,6,5,"mean",6.50237886719278,0.867762668125779
"engage-baseline","Primary Energy|Solar",9,6,5,"iqr",10.8878468598923,0.865933261873707
"engage-baseline","Primary Energy|Solar",9,7,5,"min",6.55360768692454,0.889695788505497
"engage-baseline","Primary Energy|Solar",9,7,5,"max",5.31777131088326,0.646329793844239
"engage-baseline","Primary Energy|Solar",9,7,5,"median",2.82943592484103,0.380225761242508
"engage-baseline","Primary Energy|Solar",9,7,5,"range",7.84493042328742,0.791207381358516
"engage-baseline","Primary Energy|Solar",9,7,5,"mean",5.35233480801909,0.714285714285714
"engage-baseline","Primary Energy|Solar",9,7,5,"iqr",9.09518259873113,0.723358919022685
"engage-baseline","Primary Energy|Solar",9,8,5,"min",5.20107926828463,0.70608106889102
"engage-baseline","Primary Energy|Solar",9,8,5,"max",3.20545413953811,0.389595639237956
"engage-baseline","Primary Energy|Solar",9,8,5,"median",2.00030444171297,0.268805266940199
"engage-baseline","Primary Energy|Solar",9,8,5,"range",5.75831629280773,0.580760071694463
"engage-baseline","Primary Energy|Solar",9,8,5,"mean",3.95810496876277,0.528221409205323
"engage-baseline","Primary Energy|Solar",9,8,5,"iqr",7.82555977470668,0.622383157009838
"engage-baseline","Primary Energy|Wind",9,3,5,"min",6.45541936915765,0.651743938167786
"engage-baseline","Primary Energy|Wind",9,3,5,"max",6.93355009612255,0.922430840310002
"engage-baseline","Primary Energy|Wind",9,3,5,"median",9.86020094709664,1.00306887163813
"engage-baseline","Primary Energy|Wind",9,3,5,"range",8.08774026653453,0.710816427284315
"engage-baseline","Primary Energy|Wind",9,3,5,"mean",8.5116725570029,1.22720173418454
"engage-baseline","Primary Energy|Wind",9,3,5,"iqr",7.00418853002923,0.648474286971707
"engage-baseline","Primary Energy|Wind",9,4,5,"min",8.19233036520126,0.82710376346696
"engage-baseline","Primary Energy|Wind",9,4,5,"max",7.54341182913159,1.00356608315869
"engage-baseline","Primary Energy|Wind",9,4,5,"median",8.28386438070847,0.842709650821797
"engage-baseline","Primary Energy|Wind",9,4,5,"range",9.94056606066949,0.873657835139213
"engage-baseline","Primary Energy|Wind",9,4,5,"mean",7.75450274780002,1.11803398874989
"engage-baseline","Primary Energy|Wind",9,4,5,"iqr",9.06643107847834,0.839404508286391
"engage-baseline","Primary Energy|Wind",9,5,5,"min",9.9048399089149,1
"engage-baseline","Primary Energy|Wind",9,5,5,"max",7.51660698355704,1
"engage-baseline","Primary Energy|Wind",9,5,5,"median",9.83003383505836,1
"engage-baseline","Primary Energy|Wind",9,5,5,"range",11.3780998244988,1
"engage-baseline","Primary Energy|Wind",9,5,5,"mean",6.9358381103159,1
"engage-baseline","Primary Energy|Wind",9,5,5,"iqr",10.8010273818842,1
"engage-baseline","Primary Energy|Wind",9,6,5,"min",11.1721530672468,1.12794887852668
"engage-baseline","Primary Energy|Wind",9,6,5,"max",7.07978127720349,0.941885253903905
"engage-baseline","Primary Energy|Wind",9,6,5,"median",7.6906128390883,0.782358735293473
"engage-baseline","Primary Energy|Wind",9,6,5,"range",12.2991058461592,1.08094550371911
"engage-baseline","Primary Energy|Wind",9,6,5,"mean",6.01866138429619,0.867762668125779
"engage-baseline","Primary Energy|Wind",9,6,5,"iqr",8.46590317192744,0.783805361527619
"engage-baseline","Primary Energy|Wind",9,7,5,"min",11.4794291123802,1.15897169645802
"engage-baseline","Primary Energy|Wind",9,7,5,"max",6.17725483293903,0.821814263596872
"engage-baseline","Primary Energy|Wind",9,7,5,"median",10.2267532887161,1.04035789299553
"engage-baseline","Primary Energy|Wind",9,7,5,"range",12.2678799061002,1.07820111401076
"engage-baseline","Primary Energy|Wind",9,7,5,"mean",4.95417007879707,0.714285714285714
"engage-baseline","Primary Energy|Wind",9,7,5,"iqr",7.27515950779126,0.673561805795751
"engage-baseline","Primary Energy|Wind",9,8,5,"min",10.2769930998519,1.03757286279832
"engage-baseline","Primary Energy|Wind",9,8,5,"max",4.50334911004385,0.59911993801128
"engage-baseline","Primary Energy|Wind",9,8,5,"median",6.59578237258955,0.670982672416244
"engage-baseline","Primary Energy|Wind",9,8,5,"range",10.6923579461595,0.939731423619361
"engage-baseline","Primary Energy|Wind",9,8,5,"mean",3.66365818065105,0.528221409205323
"engage-baseline","Primary Energy|Wind",9,8,5,"iqr",2.97508291301056,0.275444437628263
"ecemf-baseline","Final Energy|Residential and Commercial|Electricity",6,3,4,"min",0.48035085828719,0.910997623292864
"ecemf-baseline","Final Energy|Residential and Commercial|Electricity",6,3,4,"max",0.804947135136752,1.1290785041933
"ecemf-baseline","Final Energy|Residential and Commercial|Electricity",6,3,4,"median",1.05482966933315,1.3408793372758
"ecemf-baseline","Final Energy|Residential and Commercial|Electricity",6,3,4,"range",0.798947090334348,1.02348791754793
"ecemf-baseline","Final Energy|Residential and Commercial|Electricity",6,3,4,"mean",0.751651215396185,1.21395395733377
"ecemf-baseline","Final Energy|Residential and Commercial|Electricity",6,3,4,"iqr",0.564940905384679,0.590568361608767
"ecemf-baseline","Final Energy|Residential and Commercial|Electricity",6,4,4,"min",0.527280034552592,1
"ecemf-baseline","Final Energy|Residential and Commercial|Electricity",6,4,4,"max",0.712923974858475,1
"ecemf-baseline","Final Energy|Residential and Commercial|Electricity",6,4,4,"median",0.786670090297755,1
"ecemf-baseline","Final Energy|Residential and Commercial|Electricity",6,4,4,"range",0.780612136827626,1
"ecemf-baseline","Final Energy|Residential and Commercial|Electricity",6,4,4,"mean",0.619176049351206,1
"ecemf-baseline","Final Energy|Residential and Commercial|Electricity",6,4,4,"iqr",0.956605436575916,1
"ecemf-baseline","Final Energy|Residential and Commercial|Electricity",6,5,4,"min",0.480326806552167,0.910952008565495
"ecemf-baseline","Final Energy|Residential and Commercial|Electricity",6,5,4,"max",0.327537273438456,0.459428052624372
"ecemf-baseline","Final Energy|Residential and Commercial|Electricity",6,5,4,"median",0.1617392,0.205599783180751
"ecemf-baseline","Final Energy|Residential and Commercial|Electricity",6,5,4,"range",0.524465950804342,0.671864971169612
"ecemf-baseline","Final Energy|Residential and Commercial|Electricity",6,5,4,"mean",0.463348927753689,0.748331477354789
"ecemf-baseline","Final Energy|Residential and Commercial|Electricity",6,5,4,"iqr",1.31183428301138,1.37134311896341
"ecemf-baseline","Final Energy|Residential and Commercial|Gases",6,3,4,"min",0.83522979301719,0.840484812981961
"ecemf-baseline","Final Energy|Residential and Commercial|Gases",6,3,4,"max",0.82728817906104,0.969927929404631
"ecemf-baseline","Final Energy|Residential and Commercial|Gases",6,3,4,"median",0.75116259327899,1.33307543461825
"ecemf-baseline","Final Energy|Residential and Commercial|Gases",6,3,4,"range",0.990223328556508,0.86673188888245
"ecemf-baseline","Final Energy|Residential and Commercial|Gases",6,3,4,"mean",0.804825925827472,1.21395395733377
"ecemf-baseline","Final Energy|Residential and Commercial|Gases",6,3,4,"iqr",0.700193630511421,0.923864792399433
"ecemf-baseline","Final Energy|Residential and Commercial|Gases",6,4,4,"min",0.993747632457359,1
"ecemf-baseline","Final Energy|Residential and Commercial|Gases",6,4,4,"max",0.85293778432471,1
"ecemf-baseline","Final Energy|Residential and Commercial|Gases",6,4,4,"median",0.563480935716213,1
"ecemf-baseline","Final Energy|Residential and Commercial|Gases",6,4,4,"range",1.1424794002137,1
"ecemf-baseline","Final Energy|Residential and Commercial|Gases",6,4,4,"mean",0.662978954815657,1
"ecemf-baseline","Final Energy|Residential and Commercial|Gases",6,4,4,"iqr",0.757896216277384,1
"ecemf-baseline","Final Energy|Residential and Commercial|Gases",6,5,4,"min",0.979554058650759,0.985717124405619
"ecemf-baseline","Final Energy|Residential and Commercial|Gases",6,5,4,"max",0.675448922525434,0.791908782725814
"ecemf-baseline","Final Energy|Residential and Commercial|Gases",6,5,4,"median",0.106326688,0.188696158575184
"ecemf-baseline","Final Energy|Residential and Commercial|Gases",6,5,4,"range",1.07289417342603,0.939092795218315
"ecemf-baseline","Final Energy|Residential and Commercial|Gases",6,5,4,"mean",0.496128020712334,0.748331477354788
"ecemf-baseline","Final Energy|Residential and Commercial|Gases",6,5,4,"iqr",0.874730638552874,1.15415622847328
"ecemf-baseline","Final Energy|Residential and Commercial|Heat",5,3,3,"min",0.194862055174403,1
"ecemf-baseline","Final Energy|Residential and Commercial|Heat",5,3,3,"max",0.133101871485784,1
"ecemf-baseline","Final Energy|Residential and Commercial|Heat",5,3,3,"median",0.193559773345178,1
"ecemf-baseline","Final Energy|Residential and Commercial|Heat",5,3,3,"range",0.198209357043217,1
"ecemf-baseline","Final Energy|Residential and Commercial|Heat",5,3,3,"mean",0.159481887144296,1
"ecemf-baseline","Final Energy|Residential and Commercial|Heat",5,3,3,"iqr",0.127943589815143,1
"ecemf-baseline","Final Energy|Residential and Commercial|Heat",5,4,3,"min",0.218940805076686,1.12356818201846
"ecemf-baseline","Final Energy|Residential and Commercial|Heat",5,4,3,"max",0.0753925995525849,0.566427794823584
"ecemf-baseline","Final Energy|Residential and Commercial|Heat",5,4,3,"median",0.130167590655509,0.672492989663606
"ecemf-baseline","Final Energy|Residential and Commercial|Heat",5,4,3,"range",0.212992633613208,1.07458415077128
"ecemf-baseline","Final Energy|Residential and Commercial|Heat",5,4,3,"mean",0.119611415358222,0.75
"ecemf-baseline","Final Energy|Residential and Commercial|Heat",5,4,3,"iqr",0.165902858291962,1.29668753652812
"ecemf-baseline","Final Energy|Residential and Commercial|Hydrogen",5,3,3,"min",0,NA
"ecemf-baseline","Final Energy|Residential and Commercial|Hydrogen",5,3,3,"max",0.549576493175156,1
"ecemf-baseline","Final Energy|Residential and Commercial|Hydrogen",5,3,3,"median",0.0206539487749922,1
"ecemf-baseline","Final Energy|Residential and Commercial|Hydrogen",5,3,3,"range",0.549576493175156,1
"ecemf-baseline","Final Energy|Residential and Commercial|Hydrogen",5,3,3,"mean",0.240249989168708,1
"ecemf-baseline","Final Energy|Residential and Commercial|Hydrogen",5,3,3,"iqr",0.354750100922409,1
"ecemf-baseline","Final Energy|Residential and Commercial|Hydrogen",5,4,3,"min",0,NA
"ecemf-baseline","Final Energy|Residential and Commercial|Hydrogen",5,4,3,"max",0.629562996369207,1.14554207501113
"ecemf-baseline","Final Energy|Residential and Commercial|Hydrogen",5,4,3,"median",0.0135211833801631,0.654653670707977
"ecemf-baseline","Final Energy|Residential and Commercial|Hydrogen",5,4,3,"range",0.629562996369207,1.14554207501113
"ecemf-baseline","Final Energy|Residential and Commercial|Hydrogen",5,4,3,"mean",0.180187491876531,0.75
"ecemf-baseline","Final Energy|Residential and Commercial|Hydrogen",5,4,3,"iqr",0.189069327329091,0.532964830277649
"ecemf-baseline","Final Energy|Residential and Commercial|Liquids",6,3,4,"min",0.0962964496547857,1.08004892314592
"ecemf-baseline","Final Energy|Residential and Commercial|Liquids",6,3,4,"max",0.167699311220551,0.934721470066763
"ecemf-baseline","Final Energy|Residential and Commercial|Liquids",6,3,4,"median",0.168554939733994,1.29145657829595
"ecemf-baseline","Final Energy|Residential and Commercial|Liquids",6,3,4,"range",0.163908761022699,0.913546539563597
"ecemf-baseline","Final Energy|Residential and Commercial|Liquids",6,3,4,"mean",0.147464246939936,1.21395395733377
"ecemf-baseline","Final Energy|Residential and Commercial|Liquids",6,3,4,"iqr",0.115900996415036,0.928236350466039
"ecemf-baseline","Final Energy|Residential and Commercial|Liquids",6,4,4,"min",0.0891593404623722,1
"ecemf-baseline","Final Energy|Residential and Commercial|Liquids",6,4,4,"max",0.179410997383609,1
"ecemf-baseline","Final Energy|Residential and Commercial|Liquids",6,4,4,"median",0.130515375094065,1
"ecemf-baseline","Final Energy|Residential and Commercial|Liquids",6,4,4,"range",0.179420263691217,1
"ecemf-baseline","Final Energy|Residential and Commercial|Liquids",6,4,4,"mean",0.121474332736486,1
"ecemf-baseline","Final Energy|Residential and Commercial|Liquids",6,4,4,"iqr",0.124861514372762,1
"ecemf-baseline","Final Energy|Residential and Commercial|Liquids",6,5,4,"min",0.0669848273434978,0.751293437077041
"ecemf-baseline","Final Energy|Residential and Commercial|Liquids",6,5,4,"max",0.161057224399077,0.897699844200248
"ecemf-baseline","Final Energy|Residential and Commercial|Liquids",6,5,4,"median",0.082384494,0.631224435746546
"ecemf-baseline","Final Energy|Residential and Commercial|Liquids",6,5,4,"range",0.161589110022472,0.900617949712572
"ecemf-baseline","Final Energy|Residential and Commercial|Liquids",6,5,4,"mean",0.0909030668773815,0.748331477354788
"ecemf-baseline","Final Energy|Residential and Commercial|Liquids",6,5,4,"iqr",0.128963339794296,1.03285099850134
"ecemf-baseline","Final Energy|Residential and Commercial|Solids",6,3,4,"min",0.0679794977822229,0.961608184783265
"ecemf-baseline","Final Energy|Residential and Commercial|Solids",6,3,4,"max",0.284549339155242,0.95194360675056
"ecemf-baseline","Final Energy|Residential and Commercial|Solids",6,3,4,"median",0.224689925626299,1.33907015401091
"ecemf-baseline","Final Energy|Residential and Commercial|Solids",6,3,4,"range",0.270747938079057,0.934576332514226
"ecemf-baseline","Final Energy|Residential and Commercial|Solids",6,3,4,"mean",0.200545068931324,1.21395395733377
"ecemf-baseline","Final Energy|Residential and Commercial|Solids",6,3,4,"iqr",0.191447703007977,0.783864089797293
"ecemf-baseline","Final Energy|Residential and Commercial|Solids",6,4,4,"min",0.070693551550359,1
"ecemf-baseline","Final Energy|Residential and Commercial|Solids",6,4,4,"max",0.298914071314103,1
"ecemf-baseline","Final Energy|Residential and Commercial|Solids",6,4,4,"median",0.167795484764772,1
"ecemf-baseline","Final Energy|Residential and Commercial|Solids",6,4,4,"range",0.289701256772342,1
"ecemf-baseline","Final Energy|Residential and Commercial|Solids",6,4,4,"mean",0.16519989717879,1
"ecemf-baseline","Final Energy|Residential and Commercial|Solids",6,4,4,"iqr",0.244235838201856,1
"ecemf-baseline","Final Energy|Residential and Commercial|Solids",6,5,4,"min",0.0647231321545349,0.91554506366014
"ecemf-baseline","Final Energy|Residential and Commercial|Solids",6,5,4,"max",0.249119761968598,0.833415974274489
"ecemf-baseline","Final Energy|Residential and Commercial|Solids",6,5,4,"median",0.0590750415,0.35206573992629
"ecemf-baseline","Final Energy|Residential and Commercial|Solids",6,5,4,"range",0.2445408250757,0.844113787424366
"ecemf-baseline","Final Energy|Residential and Commercial|Solids",6,5,4,"mean",0.123624283114663,0.748331477354788
"ecemf-baseline","Final Energy|Residential and Commercial|Solids",6,5,4,"iqr",0.284581759136649,1.16519246819727
"ecemf-baseline","Primary Energy|Biomass",7,3,4,"min",1.01127347111027,1.00948731243939
"ecemf-baseline","Primary Energy|Biomass",7,3,4,"max",0.605636115825453,1.02887769999784
"ecemf-baseline","Primary Energy|Biomass",7,3,4,"median",1.43237748164056,1.23851190083946
"ecemf-baseline","Primary Energy|Biomass",7,3,4,"range",0.995554579285433,0.966665275160941
"ecemf-baseline","Primary Energy|Biomass",7,3,4,"mean",1.05837864594647,1.15470053837925
"ecemf-baseline","Primary Energy|Biomass",7,3,4,"iqr",0.760367369672569,0.68604490310301
"ecemf-baseline","Primary Energy|Biomass",7,4,4,"min",1.00176937208509,1
"ecemf-baseline","Primary Energy|Biomass",7,4,4,"max",0.588637615361597,1
"ecemf-baseline","Primary Energy|Biomass",7,4,4,"median",1.1565310601131,1
"ecemf-baseline","Primary Energy|Biomass",7,4,4,"range",1.02988553004522,1
"ecemf-baseline","Primary Energy|Biomass",7,4,4,"mean",0.916582794212618,1
"ecemf-baseline","Primary Energy|Biomass",7,4,4,"iqr",1.10833469680103,1
"ecemf-baseline","Primary Energy|Biomass",7,5,4,"min",0.821557245167929,0.82010617220003
"ecemf-baseline","Primary Energy|Biomass",7,5,4,"max",0.524618362933221,0.891241655718775
"ecemf-baseline","Primary Energy|Biomass",7,5,4,"median",0.914503043582932,0.790729341496024
"ecemf-baseline","Primary Energy|Biomass",7,5,4,"range",0.884882096386624,0.859204319870162
"ecemf-baseline","Primary Energy|Biomass",7,5,4,"mean",0.75583353503248,0.824621125123532
"ecemf-baseline","Primary Energy|Biomass",7,5,4,"iqr",1.41174588944826,1.27375412275999
"ecemf-baseline","Primary Energy|Biomass",7,6,4,"min",0.541490909814559,0.540534503153653
"ecemf-baseline","Primary Energy|Biomass",7,6,4,"max",0.359603803499052,0.610908637359419
"ecemf-baseline","Primary Energy|Biomass",7,6,4,"median",0.612710805045291,0.52978326841077
"ecemf-baseline","Primary Energy|Biomass",7,6,4,"range",0.598013297505129,0.580659966626458
"ecemf-baseline","Primary Energy|Biomass",7,6,4,"mean",0.563365054668865,0.614636297152859
"ecemf-baseline","Primary Energy|Biomass",7,6,4,"iqr",1.02869543088014,0.928145111624893
"ecemf-baseline","Primary Energy|Coal",7,3,4,"min",0.332775209864954,1.03611000781568
"ecemf-baseline","Primary Energy|Coal",7,3,4,"max",1.70803536248287,0.931421408719648
"ecemf-baseline","Primary Energy|Coal",7,3,4,"median",1.66486343363902,1.27658959846272
"ecemf-baseline","Primary Energy|Coal",7,3,4,"range",1.63278006391588,0.916060477089749
"ecemf-baseline","Primary Energy|Coal",7,3,4,"mean",1.32348955173525,1.15470053837925
"ecemf-baseline","Primary Energy|Coal",7,3,4,"iqr",1.24705637268489,0.688620754650632
"ecemf-baseline","Primary Energy|Coal",7,4,4,"min",0.321177488253885,1
"ecemf-baseline","Primary Energy|Coal",7,4,4,"max",1.83379439906881,1
"ecemf-baseline","Primary Energy|Coal",7,4,4,"median",1.304149301893,1
"ecemf-baseline","Primary Energy|Coal",7,4,4,"range",1.78239330781205,1
"ecemf-baseline","Primary Energy|Coal",7,4,4,"mean",1.14617557344601,1
"ecemf-baseline","Primary Energy|Coal",7,4,4,"iqr",1.81094799171074,1
"ecemf-baseline","Primary Energy|Coal",7,5,4,"min",0.304566845356779,0.948282044960837
"ecemf-baseline","Primary Energy|Coal",7,5,4,"max",1.61760133461803,0.882106159468828
"ecemf-baseline","Primary Energy|Coal",7,5,4,"median",0.599748627774542,0.459877275480647
"ecemf-baseline","Primary Energy|Coal",7,5,4,"range",1.58577139407485,0.889686573173596
"ecemf-baseline","Primary Energy|Coal",7,5,4,"mean",0.945160590964156,0.824621125123532
"ecemf-baseline","Primary Energy|Coal",7,5,4,"iqr",2.44072607308053,1.34776155044346
"ecemf-baseline","Primary Energy|Coal",7,6,4,"min",0.249943099048834,0.77820864845689
"ecemf-baseline","Primary Energy|Coal",7,6,4,"max",1.07103595505562,0.58405454591828
"ecemf-baseline","Primary Energy|Coal",7,6,4,"median",0.411348282106972,0.31541502304214
"ecemf-baseline","Primary Energy|Coal",7,6,4,"range",1.05846912465642,0.593847115570539
"ecemf-baseline","Primary Energy|Coal",7,6,4,"mean",0.704481110349909,0.614636297152859
"ecemf-baseline","Primary Energy|Coal",7,6,4,"iqr",1.89505347400781,1.04644279277045
"ecemf-baseline","Primary Energy|Gas",7,3,4,"min",1.15841744114768,0.989091093672366
"ecemf-baseline","Primary Energy|Gas",7,3,4,"max",2.33709418024555,0.846720138723426
"ecemf-baseline","Primary Energy|Gas",7,3,4,"median",2.14690884280119,1.25768580853748
"ecemf-baseline","Primary Energy|Gas",7,3,4,"range",2.27487156786467,0.826274906996863
"ecemf-baseline","Primary Energy|Gas",7,3,4,"mean",1.98282712921927,1.15470053837925
"ecemf-baseline","Primary Energy|Gas",7,3,4,"iqr",1.73746185934046,0.887627383429635
"ecemf-baseline","Primary Energy|Gas",7,4,4,"min",1.1711938855365,1
"ecemf-baseline","Primary Energy|Gas",7,4,4,"max",2.76017313556415,1
"ecemf-baseline","Primary Energy|Gas",7,4,4,"median",1.70703114261722,1
"ecemf-baseline","Primary Energy|Gas",7,4,4,"range",2.7531655004904,1
"ecemf-baseline","Primary Energy|Gas",7,4,4,"mean",1.71717866521686,1
"ecemf-baseline","Primary Energy|Gas",7,4,4,"iqr",1.95742255339984,1
"ecemf-baseline","Primary Energy|Gas",7,5,4,"min",1.19277888334421,1.01842990991866
"ecemf-baseline","Primary Energy|Gas",7,5,4,"max",2.98169161747868,1.080255285098
"ecemf-baseline","Primary Energy|Gas",7,5,4,"median",2.30446611171214,1.34998480940361
"ecemf-baseline","Primary Energy|Gas",7,5,4,"range",3.0009315132708,1.0899931416169
"ecemf-baseline","Primary Energy|Gas",7,5,4,"mean",1.41602180294925,0.824621125123532
"ecemf-baseline","Primary Energy|Gas",7,5,4,"iqr",1.5883536237266,0.811451580021796
"ecemf-baseline","Primary Energy|Gas",7,6,4,"min",1.02603555911004,0.876059525054676
"ecemf-baseline","Primary Energy|Gas",7,6,4,"max",2.91100120486634,1.05464442333664
"ecemf-baseline","Primary Energy|Gas",7,6,4,"median",1.49929630007023,0.878306354605521
"ecemf-baseline","Primary Energy|Gas",7,6,4,"range",2.92080127140194,1.06088837408492
"ecemf-baseline","Primary Energy|Gas",7,6,4,"mean",1.05544033633878,0.614636297152859
"ecemf-baseline","Primary Energy|Gas",7,6,4,"iqr",0.677860829081541,0.346302758136799
"ecemf-baseline","Primary Energy|Geothermal",4,3,3,"min",0.053218672125,1
"ecemf-baseline","Primary Energy|Geothermal",4,3,3,"max",0.30079885425,1
"ecemf-baseline","Primary Energy|Geothermal",4,3,3,"median",0.0313808205,1
"ecemf-baseline","Primary Energy|Geothermal",4,3,3,"range",0.287471912913691,1
"ecemf-baseline","Primary Energy|Geothermal",4,3,3,"mean",0.130997417117841,1
"ecemf-baseline","Primary Energy|Geothermal",4,3,3,"iqr",0.165971986305176,1
"ecemf-baseline","Primary Energy|Hydro",7,3,4,"min",0.0920164934584245,1.28828171892494
"ecemf-baseline","Primary Energy|Hydro",7,3,4,"max",0.391423911361946,0.792341265881153
"ecemf-baseline","Primary Energy|Hydro",7,3,4,"median",0.219248800342937,1.2397554603758
"ecemf-baseline","Primary Energy|Hydro",7,3,4,"range",0.37425862422542,0.77517865661658
"ecemf-baseline","Primary Energy|Hydro",7,3,4,"mean",0.264645509458067,1.15470053837925
"ecemf-baseline","Primary Energy|Hydro",7,3,4,"iqr",0.285844745833837,1.269314063113
"ecemf-baseline","Primary Energy|Hydro",7,4,4,"min",0.0714257542482332,1
"ecemf-baseline","Primary Energy|Hydro",7,4,4,"max",0.494009246036995,1
"ecemf-baseline","Primary Energy|Hydro",7,4,4,"median",0.176848424830876,1
"ecemf-baseline","Primary Energy|Hydro",7,4,4,"range",0.482803055825795,1
"ecemf-baseline","Primary Energy|Hydro",7,4,4,"mean",0.229189734188161,1
"ecemf-baseline","Primary Energy|Hydro",7,4,4,"iqr",0.225196233257512,1
"ecemf-baseline","Primary Energy|Hydro",7,5,4,"min",0.0570547272448228,0.79879768642743
"ecemf-baseline","Primary Energy|Hydro",7,5,4,"max",0.556177486796549,1.12584428582719
"ecemf-baseline","Primary Energy|Hydro",7,5,4,"median",0.228717795599579,1.29329846063547
"ecemf-baseline","Primary Energy|Hydro",7,5,4,"range",0.548296456337998,1.13565241504154
"ecemf-baseline","Primary Energy|Hydro",7,5,4,"mean",0.188994696473004,0.824621125123532
"ecemf-baseline","Primary Energy|Hydro",7,5,4,"iqr",0.144736401305638,0.642712354518521
"ecemf-baseline","Primary Energy|Hydro",7,6,4,"min",0.0425700693735357,0.596004477958855
"ecemf-baseline","Primary Energy|Hydro",7,6,4,"max",0.543866530240734,1.10092378756815
"ecemf-baseline","Primary Energy|Hydro",7,6,4,"median",0.159702074047344,0.903044933535996
"ecemf-baseline","Primary Energy|Hydro",7,6,4,"range",0.538410192030016,1.11517560946069
"ecemf-baseline","Primary Energy|Hydro",7,6,4,"mean",0.140868329566859,0.614636297152859
"ecemf-baseline","Primary Energy|Hydro",7,6,4,"iqr",0.059229525145369,0.263012947812675
"ecemf-baseline","Primary Energy|Nuclear",7,3,4,"min",0.125623434611768,1.00271850933505
"ecemf-baseline","Primary Energy|Nuclear",7,3,4,"max",0.169456557183432,1.06139773015023
"ecemf-baseline","Primary Energy|Nuclear",7,3,4,"median",0.280061215672262,1.23884071135601
"ecemf-baseline","Primary Energy|Nuclear",7,3,4,"range",0.176294219489572,0.981599999274314
"ecemf-baseline","Primary Energy|Nuclear",7,3,4,"mean",0.195840466036695,1.15470053837925
"ecemf-baseline","Primary Energy|Nuclear",7,3,4,"iqr",0.134646934232354,0.654852450235321
"ecemf-baseline","Primary Energy|Nuclear",7,4,4,"min",0.12528285200906,1
"ecemf-baseline","Primary Energy|Nuclear",7,4,4,"max",0.159654154488768,1
"ecemf-baseline","Primary Energy|Nuclear",7,4,4,"median",0.226067171594412,1
"ecemf-baseline","Primary Energy|Nuclear",7,4,4,"range",0.179598838243586,1
"ecemf-baseline","Primary Energy|Nuclear",7,4,4,"mean",0.169602818676761,1
"ecemf-baseline","Primary Energy|Nuclear",7,4,4,"iqr",0.205614156569115,1
"ecemf-baseline","Primary Energy|Nuclear",7,5,4,"min",0.115065138267961,0.918442838926111
"ecemf-baseline","Primary Energy|Nuclear",7,5,4,"max",0.119527334685606,0.748664105035961
"ecemf-baseline","Primary Energy|Nuclear",7,5,4,"median",0.170086934248043,0.752373434180868
"ecemf-baseline","Primary Energy|Nuclear",7,5,4,"range",0.151530356577075,0.843715683570054
"ecemf-baseline","Primary Energy|Nuclear",7,5,4,"mean",0.139858067161353,0.824621125123532
"ecemf-baseline","Primary Energy|Nuclear",7,5,4,"iqr",0.279806741887565,1.36083403281384
"ecemf-baseline","Primary Energy|Nuclear",7,6,4,"min",0.0985703783358794,0.786782682188232
"ecemf-baseline","Primary Energy|Nuclear",7,6,4,"max",0.0282331864251986,0.176839660174235
"ecemf-baseline","Primary Energy|Nuclear",7,6,4,"median",0.118780809837878,0.525422638767665
"ecemf-baseline","Primary Energy|Nuclear",7,6,4,"range",0.0979059770654752,0.545137028852532
"ecemf-baseline","Primary Energy|Nuclear",7,6,4,"mean",0.104244048458172,0.614636297152859
"ecemf-baseline","Primary Energy|Nuclear",7,6,4,"iqr",0.213901198209344,1.04030384764603
"ecemf-baseline","Primary Energy|Oil",7,3,4,"min",0.764513433761847,1.21730747748255
"ecemf-baseline","Primary Energy|Oil",7,3,4,"max",2.46841029686236,0.872255901211859
"ecemf-baseline","Primary Energy|Oil",7,3,4,"median",2.235452028994,1.25395194368644
"ecemf-baseline","Primary Energy|Oil",7,3,4,"range",2.34777612838378,0.8524011550418
"ecemf-baseline","Primary Energy|Oil",7,3,4,"mean",1.9657295526264,1.15470053837925
"ecemf-baseline","Primary Energy|Oil",7,3,4,"iqr",1.79314363718817,0.849164184838793
"ecemf-baseline","Primary Energy|Oil",7,4,4,"min",0.628036422928163,1
"ecemf-baseline","Primary Energy|Oil",7,4,4,"max",2.82991527306712,1
"ecemf-baseline","Primary Energy|Oil",7,4,4,"median",1.7827254387613,1
"ecemf-baseline","Primary Energy|Oil",7,4,4,"range",2.7543089477262,1
"ecemf-baseline","Primary Energy|Oil",7,4,4,"mean",1.70237172954428,1
"ecemf-baseline","Primary Energy|Oil",7,4,4,"iqr",2.11165716736933,1
"ecemf-baseline","Primary Energy|Oil",7,5,4,"min",0.384449547051771,0.612145304024422
"ecemf-baseline","Primary Energy|Oil",7,5,4,"max",2.83416596053024,1.00150205467407
"ecemf-baseline","Primary Energy|Oil",7,5,4,"median",1.54557094438815,0.86697082499819
"ecemf-baseline","Primary Energy|Oil",7,5,4,"range",2.78304865304255,1.0104344522934
"ecemf-baseline","Primary Energy|Oil",7,5,4,"mean",1.4038116909953,0.824621125123532
"ecemf-baseline","Primary Energy|Oil",7,5,4,"iqr",2.27357521920232,1.07667819110746
"ecemf-baseline","Primary Energy|Oil",7,6,4,"min",0.307787981441424,0.490079826909385
"ecemf-baseline","Primary Energy|Oil",7,6,4,"max",2.3283222165972,0.822753330729127
"ecemf-baseline","Primary Energy|Oil",7,6,4,"median",0.980244780368257,0.54985740319573
"ecemf-baseline","Primary Energy|Oil",7,6,4,"range",2.29715938804632,0.834023862843243
"ecemf-baseline","Primary Energy|Oil",7,6,4,"mean",1.04633945622481,0.614636297152859
"ecemf-baseline","Primary Energy|Oil",7,6,4,"iqr",1.72842470568363,0.818515776325981
"ecemf-baseline","Primary Energy|Solar",7,3,4,"min",0.691766123510848,0.954733228122437
"ecemf-baseline","Primary Energy|Solar",7,3,4,"max",0.573591956416446,0.837387697916453
"ecemf-baseline","Primary Energy|Solar",7,3,4,"median",0.792285906934122,1.24447984112116
"ecemf-baseline","Primary Energy|Solar",7,3,4,"range",0.755140678477713,0.865414314096672
"ecemf-baseline","Primary Energy|Solar",7,3,4,"mean",0.718167787872011,1.15470053837925
"ecemf-baseline","Primary Energy|Solar",7,3,4,"iqr",0.576748219910738,0.819363959410644
"ecemf-baseline","Primary Energy|Solar",7,4,4,"min",0.724564834588678,1
"ecemf-baseline","Primary Energy|Solar",7,4,4,"max",0.684977768175517,1
"ecemf-baseline","Primary Energy|Solar",7,4,4,"median",0.636640209631956,1
"ecemf-baseline","Primary Energy|Solar",7,4,4,"range",0.872577060694837,1
"ecemf-baseline","Primary Energy|Solar",7,4,4,"mean",0.621951548476836,1
"ecemf-baseline","Primary Energy|Solar",7,4,4,"iqr",0.703897472285191,1
"ecemf-baseline","Primary Energy|Solar",7,5,4,"min",0.644827371725978,0.889951238238101
"ecemf-baseline","Primary Energy|Solar",7,5,4,"max",0.740800299465948,1.0814953913601
"ecemf-baseline","Primary Energy|Solar",7,5,4,"median",0.496370869198003,0.779672508409352
"ecemf-baseline","Primary Energy|Solar",7,5,4,"range",0.882160716063978,1.01098316217654
"ecemf-baseline","Primary Energy|Solar",7,5,4,"mean",0.512874385677291,0.824621125123532
"ecemf-baseline","Primary Energy|Solar",7,5,4,"iqr",0.86449628682332,1.22815654390226
"ecemf-baseline","Primary Energy|Solar",7,6,4,"min",0.479912491225879,0.662345822369804
"ecemf-baseline","Primary Energy|Solar",7,6,4,"max",0.685381064291685,1.000588772563
"ecemf-baseline","Primary Energy|Solar",7,6,4,"median",0.333457233649591,0.52377658307565
"ecemf-baseline","Primary Energy|Solar",7,6,4,"range",0.768389370386618,0.880597720245757
"ecemf-baseline","Primary Energy|Solar",7,6,4,"mean",0.382273996764289,0.614636297152859
"ecemf-baseline","Primary Energy|Solar",7,6,4,"iqr",0.639153636057335,0.908020928079673
"ecemf-baseline","Primary Energy|Wind",7,3,4,"min",0.346700903028491,0.999952262018509
"ecemf-baseline","Primary Energy|Wind",7,3,4,"max",0.930437618237517,0.952983981477925
"ecemf-baseline","Primary Energy|Wind",7,3,4,"median",1.09822548832995,1.28021608623159
"ecemf-baseline","Primary Energy|Wind",7,3,4,"range",0.890327440494045,0.925355901552419
"ecemf-baseline","Primary Energy|Wind",7,3,4,"mean",0.805915957862352,1.15470053837925
"ecemf-baseline","Primary Energy|Wind",7,3,4,"iqr",0.679998814893375,0.630105883181231
"ecemf-baseline","Primary Energy|Wind",7,4,4,"min",0.346717454619922,1
"ecemf-baseline","Primary Energy|Wind",7,4,4,"max",0.976341298827035,1
"ecemf-baseline","Primary Energy|Wind",7,4,4,"median",0.857843843817533,1
"ecemf-baseline","Primary Energy|Wind",7,4,4,"range",0.962145958112323,1
"ecemf-baseline","Primary Energy|Wind",7,4,4,"mean",0.697943692824066,1
"ecemf-baseline","Primary Energy|Wind",7,4,4,"iqr",1.07918182172851,1
"ecemf-baseline","Primary Energy|Wind",7,5,4,"min",0.269646339979188,0.777712043008562
"ecemf-baseline","Primary Energy|Wind",7,5,4,"max",0.800168759268143,0.819558447675476
"ecemf-baseline","Primary Energy|Wind",7,5,4,"median",0.183421095213901,0.213816414882282
"ecemf-baseline","Primary Energy|Wind",7,5,4,"range",0.806716287894686,0.838455206398642
"ecemf-baseline","Primary Energy|Wind",7,5,4,"mean",0.575539113249454,0.824621125123532
"ecemf-baseline","Primary Energy|Wind",7,5,4,"iqr",1.55544595640939,1.44131964150216
"ecemf-baseline","Primary Energy|Wind",7,6,4,"min",0.0850733524246907,0.245367953909185
"ecemf-baseline","Primary Energy|Wind",7,6,4,"max",0.360839042044085,0.369582893274711
"ecemf-baseline","Primary Energy|Wind",7,6,4,"median",0.12920492843645,0.150615906808247
"ecemf-baseline","Primary Energy|Wind",7,6,4,"range",0.356664679905277,0.370697062018567
"ecemf-baseline","Primary Energy|Wind",7,6,4,"mean",0.428981526978576,0.614636297152859
"ecemf-baseline","Primary Energy|Wind",7,6,4,"iqr",1.19419884089521,1.10657798051349
"cdlinks-policy","Emissions|CO2",9,3,5,"min",499.868851753774,0.751788754734699
"cdlinks-policy","Emissions|CO2",9,3,5,"max",1583.87992798786,0.762672286883916
"cdlinks-policy","Emissions|CO2",9,3,5,"median",1341.26782739368,2.25263635891517
"cdlinks-policy","Emissions|CO2",9,3,5,"range",1523.56435383626,0.740379707799123
"cdlinks-policy","Emissions|CO2",9,3,5,"mean",1334.42728141129,1.22720173418454
"cdlinks-policy","Emissions|CO2",9,3,5,"iqr",1319.44543472262,0.622219307546349
"cdlinks-policy","Emissions|CO2",9,4,5,"min",598.842977789644,0.900643068626044
"cdlinks-policy","Emissions|CO2",9,4,5,"max",1928.21648414326,0.928477752374218
"cdlinks-policy","Emissions|CO2",9,4,5,"median",1107.02149317996,1.85922364997263
"cdlinks-policy","Emissions|CO2",9,4,5,"range",1888.92472115303,0.917927444010104
"cdlinks-policy","Emissions|CO2",9,4,5,"mean",1215.72111134957,1.11803398874989
"cdlinks-policy","Emissions|CO2",9,4,5,"iqr",1627.62065627715,0.767547464294955
"cdlinks-policy","Emissions|CO2",9,5,5,"min",664.905997337209,1
"cdlinks-policy","Emissions|CO2",9,5,5,"max",2076.75033592631,1
"cdlinks-policy","Emissions|CO2",9,5,5,"median",595.421370202694,1
"cdlinks-policy","Emissions|CO2",9,5,5,"range",2057.81484525724,1
"cdlinks-policy","Emissions|CO2",9,5,5,"mean",1087.37401866369,1
"cdlinks-policy","Emissions|CO2",9,5,5,"iqr",2120.54723908473,1
"cdlinks-policy","Emissions|CO2",9,6,5,"min",672.240591542307,1.01103102428685
"cdlinks-policy","Emissions|CO2",9,6,5,"max",2013.73530305075,0.969656904931975
"cdlinks-policy","Emissions|CO2",9,6,5,"median",473.63492495966,0.795461749715877
"cdlinks-policy","Emissions|CO2",9,6,5,"range",2015.80684937653,0.97958611486474
"cdlinks-policy","Emissions|CO2",9,6,5,"mean",943.582579686254,0.867762668125779
"cdlinks-policy","Emissions|CO2",9,6,5,"iqr",1901.54744387707,0.896724868387192
"cdlinks-policy","Emissions|CO2",9,7,5,"min",605.565865163562,0.910754102969006
"cdlinks-policy","Emissions|CO2",9,7,5,"max",1732.06926407348,0.834028642783826
"cdlinks-policy","Emissions|CO2",9,7,5,"median",393.731429500522,0.661265196723603
"cdlinks-policy","Emissions|CO2",9,7,5,"range",1751.61079411155,0.851199415801952
"cdlinks-policy","Emissions|CO2",9,7,5,"mean",776.695727616921,0.714285714285714
"cdlinks-policy","Emissions|CO2",9,7,5,"iqr",1490.86449713855,0.703056489221169
"cdlinks-policy","Emissions|CO2",9,8,5,"min",458.056262268318,0.688903791066294
"cdlinks-policy","Emissions|CO2",9,8,5,"max",1235.57481581051,0.594955876224477
"cdlinks-policy","Emissions|CO2",9,8,5,"median",262.036471389861,0.440085768672793
"cdlinks-policy","Emissions|CO2",9,8,5,"range",1262.92120474622,0.613719551910584
"cdlinks-policy","Emissions|CO2",9,8,5,"mean",574.37423647179,0.528221409205323
"cdlinks-policy","Emissions|CO2",9,8,5,"iqr",930.268861106007,0.43869282605915
"cdlinks-policy","Emissions|CO2|Energy",7,3,4,"min",640.222508489606,1.00136290808839
"cdlinks-policy","Emissions|CO2|Energy",7,3,4,"max",1298.12595414188,1.00293561067327
"cdlinks-policy","Emissions|CO2|Energy",7,3,4,"median",1873.56028727484,1.27000253045915
"cdlinks-policy","Emissions|CO2|Energy",7,3,4,"range",1263.5556277025,0.956201617340554
"cdlinks-policy","Emissions|CO2|Energy",7,3,4,"mean",1261.56940069641,1.15470053837925
"cdlinks-policy","Emissions|CO2|Energy",7,3,4,"iqr",965.056551455691,0.583553265047618
"cdlinks-policy","Emissions|CO2|Energy",7,4,4,"min",639.351131660946,1
"cdlinks-policy","Emissions|CO2|Energy",7,4,4,"max",1294.32631599395,1
"cdlinks-policy","Emissions|CO2|Energy",7,4,4,"median",1475.24138128881,1
"cdlinks-policy","Emissions|CO2|Energy",7,4,4,"range",1321.43222181194,1
"cdlinks-policy","Emissions|CO2|Energy",7,4,4,"mean",1092.5511496402,1
"cdlinks-policy","Emissions|CO2|Energy",7,4,4,"iqr",1653.75914977863,1
"cdlinks-policy","Emissions|CO2|Energy",7,5,4,"min",548.95415170526,0.858611370999146
"cdlinks-policy","Emissions|CO2|Energy",7,5,4,"max",990.362818791534,0.765156982867189
"cdlinks-policy","Emissions|CO2|Energy",7,5,4,"median",692.094742895856,0.469140000866314
"cdlinks-policy","Emissions|CO2|Energy",7,5,4,"range",1065.60525069803,0.80640174585487
"cdlinks-policy","Emissions|CO2|Energy",7,5,4,"mean",900.940758271311,0.824621125123532
"cdlinks-policy","Emissions|CO2|Energy",7,5,4,"iqr",2463.57523895304,1.48968200072109
"cdlinks-policy","Emissions|CO2|Energy",7,6,4,"min",427.441331910969,0.668554900028934
"cdlinks-policy","Emissions|CO2|Energy",7,6,4,"max",21.5250279005636,0.0166302945668179
"cdlinks-policy","Emissions|CO2|Energy",7,6,4,"median",450.850123703013,0.305611088070982
"cdlinks-policy","Emissions|CO2|Energy",7,6,4,"range",424.384876639351,0.321155235686199
"cdlinks-policy","Emissions|CO2|Energy",7,6,4,"mean",671.521593064953,0.614636297152859
"cdlinks-policy","Emissions|CO2|Energy",7,6,4,"iqr",1929.77813457048,1.16690398044286
"cdlinks-policy","Final Energy|Electricity",9,3,5,"min",5.30592147491096,0.761659830725784
"cdlinks-policy","Final Energy|Electricity",9,3,5,"max",14.5780026287793,0.605919080487108
"cdlinks-policy","Final Energy|Electricity",9,3,5,"median",7.21153527129063,0.993674179107856
"cdlinks-policy","Final Energy|Electricity",9,3,5,"range",14.2531189154477,0.594573890058425
"cdlinks-policy","Final Energy|Electricity",9,3,5,"mean",11.1145987482086,1.22720173418454
"cdlinks-policy","Final Energy|Electricity",9,3,5,"iqr",12.3435630639382,1.97211843653385
"cdlinks-policy","Final Energy|Electricity",9,4,5,"min",6.25664911444014,0.898135852169783
"cdlinks-policy","Final Energy|Electricity",9,4,5,"max",19.6698018871846,0.817554268327391
"cdlinks-policy","Final Energy|Electricity",9,4,5,"median",6.11579938283889,0.842693227269366
"cdlinks-policy","Final Energy|Electricity",9,4,5,"range",19.5025726005635,0.813556704750167
"cdlinks-policy","Final Energy|Electricity",9,4,5,"mean",10.1258813654395,1.11803398874989
"cdlinks-policy","Final Energy|Electricity",9,4,5,"iqr",9.42020359028538,1.50505628561814
"cdlinks-policy","Final Energy|Electricity",9,5,5,"min",6.96626139500485,1
"cdlinks-policy","Final Energy|Electricity",9,5,5,"max",24.0593226030443,1
"cdlinks-policy","Final Energy|Electricity",9,5,5,"median",7.25744456574822,1
"cdlinks-policy","Final Energy|Electricity",9,5,5,"range",23.9719892746167,1
"cdlinks-policy","Final Energy|Electricity",9,5,5,"mean",9.05686362608841,1
"cdlinks-policy","Final Energy|Electricity",9,5,5,"iqr",6.25903740630962,1
"cdlinks-policy","Final Energy|Electricity",9,6,5,"min",7.28308289760781,1.04547941638109
"cdlinks-policy","Final Energy|Electricity",9,6,5,"max",27.1291656114081,1.12759473984423
"cdlinks-policy","Final Energy|Electricity",9,6,5,"median",5.72985180941453,0.789513685913191
"cdlinks-policy","Final Energy|Electricity",9,6,5,"range",27.0682270269086,1.12916065149297
"cdlinks-policy","Final Energy|Electricity",9,6,5,"mean",7.85920814502579,0.867762668125779
"cdlinks-policy","Final Energy|Electricity",9,6,5,"iqr",4.48874173507965,0.717161672584771
"cdlinks-policy","Final Energy|Electricity",9,7,5,"min",6.99702444410863,1.00441600556732
"cdlinks-policy","Final Energy|Electricity",9,7,5,"max",27.9689401043252,1.16249906806545
"cdlinks-policy","Final Energy|Electricity",9,7,5,"median",6.97828537169798,0.961534781076008
"cdlinks-policy","Final Energy|Electricity",9,7,5,"range",27.9185139377953,1.16463067031977
"cdlinks-policy","Final Energy|Electricity",9,7,5,"mean",6.46918830434886,0.714285714285714
"cdlinks-policy","Final Energy|Electricity",9,7,5,"iqr",3.66841068560023,0.586098220455142
"cdlinks-policy","Final Energy|Electricity",9,8,5,"min",5.94129010017807,0.852866374557559
"cdlinks-policy","Final Energy|Electricity",9,8,5,"max",25.1402221948728,1.04492643494841
"cdlinks-policy","Final Energy|Electricity",9,8,5,"median",4.34348404704066,0.59848669978685
"cdlinks-policy","Final Energy|Electricity",9,8,5,"range",25.0995689554896,1.0470373846724
"cdlinks-policy","Final Energy|Electricity",9,8,5,"mean",4.78402926755285,0.528221409205323
"cdlinks-policy","Final Energy|Electricity",9,8,5,"iqr",3.01241418304988,0.481290330684575
"cdlinks-policy","Final Energy|Gases",9,3,5,"min",4.11134887396187,1.28162016539378
"cdlinks-policy","Final Energy|Gases",9,3,5,"max",14.7183733491341,0.734250950252509
"cdlinks-policy","Final Energy|Gases",9,3,5,"median",13.1524428924239,1.51795619464799
"cdlinks-policy","Final Energy|Gases",9,3,5,"range",14.0017750040556,0.710254144584484
"cdlinks-policy","Final Energy|Gases",9,3,5,"mean",12.7034356249834,1.22720173418454
"cdlinks-policy","Final Energy|Gases",9,3,5,"iqr",12.1258928515861,0.776643424478884
"cdlinks-policy","Final Energy|Gases",9,4,5,"min",3.83180526720481,1.19447875888465
"cdlinks-policy","Final Energy|Gases",9,4,5,"max",18.0872252104811,0.902311823677727
"cdlinks-policy","Final Energy|Gases",9,4,5,"median",11.1409037051526,1.28579944665294
"cdlinks-policy","Final Energy|Gases",9,4,5,"range",17.5957442299625,0.892561854676245
"cdlinks-policy","Final Energy|Gases",9,4,5,"mean",11.5733806488347,1.11803398874989
"cdlinks-policy","Final Energy|Gases",9,4,5,"iqr",13.4842019582595,0.8636408809977
"cdlinks-policy","Final Energy|Gases",9,5,5,"min",3.20793085578413,1
"cdlinks-policy","Final Energy|Gases",9,5,5,"max",20.0454263546713,1
"cdlinks-policy","Final Energy|Gases",9,5,5,"median",8.66457341707017,1
"cdlinks-policy","Final Energy|Gases",9,5,5,"range",19.7137533245188,1
"cdlinks-policy","Final Energy|Gases",9,5,5,"mean",10.35154634411,1
"cdlinks-policy","Final Energy|Gases",9,5,5,"iqr",15.6132048111042,1
"cdlinks-policy","Final Energy|Gases",9,6,5,"min",2.28644213202055,0.712746700228259
"cdlinks-policy","Final Energy|Gases",9,6,5,"max",20.319080749151,1.01365171234763
"cdlinks-policy","Final Energy|Gases",9,6,5,"median",7.06247424097836,0.815097743538591
"cdlinks-policy","Final Energy|Gases",9,6,5,"range",20.1088755665326,1.020042973832
"cdlinks-policy","Final Energy|Gases",9,6,5,"mean",8.98268547479256,0.867762668125779
"cdlinks-policy","Final Energy|Gases",9,6,5,"iqr",13.7437188714077,0.880262510976163
"cdlinks-policy","Final Energy|Gases",9,7,5,"min",1.2725819035503,0.396698669878045
"cdlinks-policy","Final Energy|Gases",9,7,5,"max",18.7112158733164,0.933440653356618
"cdlinks-policy","Final Energy|Gases",9,7,5,"median",4.44873040215489,0.513439056721522
"cdlinks-policy","Final Energy|Gases",9,7,5,"range",18.5886449290105,0.942927743033642
"cdlinks-policy","Final Energy|Gases",9,7,5,"mean",7.3939616743643,0.714285714285714
"cdlinks-policy","Final Energy|Gases",9,7,5,"iqr",10.9196703424002,0.69938686352427
"cdlinks-policy","Final Energy|Gases",9,8,5,"min",0.567743710261542,0.17698128039071
"cdlinks-policy","Final Energy|Gases",9,8,5,"max",14.9627095213653,0.746440073492298
"cdlinks-policy","Final Energy|Gases",9,8,5,"median",3.14531234233056,0.36300833185093
"cdlinks-policy","Final Energy|Gases",9,8,5,"range",14.9023911868697,0.755938807874551
"cdlinks-policy","Final Energy|Gases",9,8,5,"mean",5.46790839734,0.528221409205323
"cdlinks-policy","Final Energy|Gases",9,8,5,"iqr",7.89940095452932,0.505943593906566
"cdlinks-policy","Final Energy|Heat",7,3,4,"min",2.40199601048791,1.02551908787632
"cdlinks-policy","Final Energy|Heat",7,3,4,"max",2.663589698774,1.05464194578031
"cdlinks-policy","Final Energy|Heat",7,3,4,"median",4.67339126637747,1.23573311820625
"cdlinks-policy","Final Energy|Heat",7,3,4,"range",2.95773268324363,0.983488177121557
"cdlinks-policy","Final Energy|Heat",7,3,4,"mean",3.3434686431998,1.15470053837925
"cdlinks-policy","Final Energy|Heat",7,3,4,"iqr",2.25900565106813,0.674088046838927
"cdlinks-policy","Final Energy|Heat",7,4,4,"min",2.34222457571419,1
"cdlinks-policy","Final Energy|Heat",7,4,4,"max",2.52558672583732,1
"cdlinks-policy","Final Energy|Heat",7,4,4,"median",3.78187749241616,1
"cdlinks-policy","Final Energy|Heat",7,4,4,"range",3.00739017717552,1
"cdlinks-policy","Final Energy|Heat",7,4,4,"mean",2.89552878176771,1
"cdlinks-policy","Final Energy|Heat",7,4,4,"iqr",3.35120265321649,1
"cdlinks-policy","Final Energy|Heat",7,5,4,"min",2.34752398938129,1.00226255574382
"cdlinks-policy","Final Energy|Heat",7,5,4,"max",2.33137301717492,0.92310154837466
"cdlinks-policy","Final Energy|Heat",7,5,4,"median",4.75759469461166,1.2579980986037
"cdlinks-policy","Final Energy|Heat",7,5,4,"range",2.98342153533969,0.992030085747523
"cdlinks-policy","Final Energy|Heat",7,5,4,"mean",2.38771420184886,0.824621125123532
"cdlinks-policy","Final Energy|Heat",7,5,4,"iqr",3.0895557367076,0.921924472022675
"cdlinks-policy","Final Energy|Heat",7,6,4,"min",2.18184711327547,0.931527717665667
"cdlinks-policy","Final Energy|Heat",7,6,4,"max",2.1198737107754,0.839358905829134
"cdlinks-policy","Final Energy|Heat",7,6,4,"median",3.34385508166015,0.884178582824436
"cdlinks-policy","Final Energy|Heat",7,6,4,"range",2.77715224583695,0.92344261376992
"cdlinks-policy","Final Energy|Heat",7,6,4,"mean",1.77969708872524,0.614636297152859
"cdlinks-policy","Final Energy|Heat",7,6,4,"iqr",1.34275409402519,0.400678273734478
"cdlinks-policy","Final Energy|Hydrogen",9,3,5,"min",0.508172466324339,2.82401421137459
"cdlinks-policy","Final Energy|Hydrogen",9,3,5,"max",1.07781396773085,1.09138239487316
"cdlinks-policy","Final Energy|Hydrogen",9,3,5,"median",2.01429177422178,0.95112560033903
"cdlinks-policy","Final Energy|Hydrogen",9,3,5,"range",1.08029759536283,1.08885967555819
"cdlinks-policy","Final Energy|Hydrogen",9,3,5,"mean",1.26574229631981,1.22720173418454
"cdlinks-policy","Final Energy|Hydrogen",9,3,5,"iqr",0.935565161231451,0.477199443924939
"cdlinks-policy","Final Energy|Hydrogen",9,4,5,"min",0.32882454432874,1.82734258105289
"cdlinks-policy","Final Energy|Hydrogen",9,4,5,"max",1.07279680186719,1.08630206871327
"cdlinks-policy","Final Energy|Hydrogen",9,4,5,"median",1.69888109947838,0.802192277367707
"cdlinks-policy","Final Energy|Hydrogen",9,4,5,"range",1.08149616522532,1.09006774488761
"cdlinks-policy","Final Energy|Hydrogen",9,4,5,"mean",1.15314611189353,1.11803398874989
"cdlinks-policy","Final Energy|Hydrogen",9,4,5,"iqr",1.63491483102692,0.833913532226613
"cdlinks-policy","Final Energy|Hydrogen",9,5,5,"min",0.179946851640306,1
"cdlinks-policy","Final Energy|Hydrogen",9,5,5,"max",0.987567669035114,1
"cdlinks-policy","Final Energy|Hydrogen",9,5,5,"median",2.11779787391254,1
"cdlinks-policy","Final Energy|Hydrogen",9,5,5,"range",0.992136654164394,1
"cdlinks-policy","Final Energy|Hydrogen",9,5,5,"mean",1.0314052376734,1
"cdlinks-policy","Final Energy|Hydrogen",9,5,5,"iqr",1.9605327984804,1
"cdlinks-policy","Final Energy|Hydrogen",9,6,5,"min",0,0
"cdlinks-policy","Final Energy|Hydrogen",9,6,5,"max",0.880962220114935,0.89205251218447
"cdlinks-policy","Final Energy|Hydrogen",9,6,5,"median",1.69099743224247,0.798469699621726
"cdlinks-policy","Final Energy|Hydrogen",9,6,5,"range",0.880962220114935,0.887944434284516
"cdlinks-policy","Final Energy|Hydrogen",9,6,5,"mean",0.895014960962373,0.867762668125779
"cdlinks-policy","Final Energy|Hydrogen",9,6,5,"iqr",1.44955067569303,0.739365685091611
"cdlinks-policy","Final Energy|Hydrogen",9,7,5,"min",0,0
"cdlinks-policy","Final Energy|Hydrogen",9,7,5,"max",0.781908834539897,0.79175215942807
"cdlinks-policy","Final Energy|Hydrogen",9,7,5,"median",1.57497233495768,0.743683972091249
"cdlinks-policy","Final Energy|Hydrogen",9,7,5,"range",0.781908834539897,0.788105984450744
"cdlinks-policy","Final Energy|Hydrogen",9,7,5,"mean",0.736718026909572,0.714285714285714
"cdlinks-policy","Final Energy|Hydrogen",9,7,5,"iqr",1.23604634388367,0.630464506812497
"cdlinks-policy","Final Energy|Hydrogen",9,8,5,"min",0,0
"cdlinks-policy","Final Energy|Hydrogen",9,8,5,"max",0.703114895884304,0.711966296518466
"cdlinks-policy","Final Energy|Hydrogen",9,8,5,"median",1.03685518334249,0.489591190979407
"cdlinks-policy","Final Energy|Hydrogen",9,8,5,"range",0.703114895884304,0.70868755118869
"cdlinks-policy","Final Energy|Hydrogen",9,8,5,"mean",0.544810328105595,0.528221409205323
"cdlinks-policy","Final Energy|Hydrogen",9,8,5,"iqr",1.67843893187444,0.856113671332297
"cdlinks-policy","Final Energy|Liquids",9,3,5,"min",9.24253987220993,0.995210613044869
"cdlinks-policy","Final Energy|Liquids",9,3,5,"max",6.00842106709293,1.003790378324
"cdlinks-policy","Final Energy|Liquids",9,3,5,"median",15.2785256751365,1.1557727118473
"cdlinks-policy","Final Energy|Liquids",9,3,5,"range",9.24776988146923,0.921636660373952
"cdlinks-policy","Final Energy|Liquids",9,3,5,"mean",11.3142171787032,1.22720173418454
"cdlinks-policy","Final Energy|Liquids",9,3,5,"iqr",8.00880364570496,0.538456252712865
"cdlinks-policy","Final Energy|Liquids",9,4,5,"min",9.73209670260714,1.0479247111214
"cdlinks-policy","Final Energy|Liquids",9,4,5,"max",6.0323682176865,1.00779108318235
"cdlinks-policy","Final Energy|Liquids",9,4,5,"median",13.0334101099145,0.985936736806201
"cdlinks-policy","Final Energy|Liquids",9,4,5,"range",10.1356932315069,1.01012747723961
"cdlinks-policy","Final Energy|Liquids",9,4,5,"mean",10.3077424106589,1.11803398874989
"cdlinks-policy","Final Energy|Liquids",9,4,5,"iqr",11.7653848111271,0.791022641755215
"cdlinks-policy","Final Energy|Liquids",9,5,5,"min",9.28701899985991,1
"cdlinks-policy","Final Energy|Liquids",9,5,5,"max",5.98573287495044,1
"cdlinks-policy","Final Energy|Liquids",9,5,5,"median",13.2193168419044,1
"cdlinks-policy","Final Energy|Liquids",9,5,5,"range",10.0340733817131,1
"cdlinks-policy","Final Energy|Liquids",9,5,5,"mean",9.21952508991636,1
"cdlinks-policy","Final Energy|Liquids",9,5,5,"iqr",14.8736384903226,1
"cdlinks-policy","Final Energy|Liquids",9,6,5,"min",8.09998239328694,0.872183247757878
"cdlinks-policy","Final Energy|Liquids",9,6,5,"max",5.79408560959175,0.967982656533052
"cdlinks-policy","Final Energy|Liquids",9,6,5,"median",10.7400209212044,0.812449013035169
"cdlinks-policy","Final Energy|Liquids",9,6,5,"range",9.17941481570233,0.914824365589316
"cdlinks-policy","Final Energy|Liquids",9,6,5,"mean",8.00035969087838,0.867762668125779
"cdlinks-policy","Final Energy|Liquids",9,6,5,"iqr",12.2300374734174,0.822262654922983
"cdlinks-policy","Final Energy|Liquids",9,7,5,"min",6.13292187690359,0.6603757219616
"cdlinks-policy","Final Energy|Liquids",9,7,5,"max",5.16484391055501,0.862859071471306
"cdlinks-policy","Final Energy|Liquids",9,7,5,"median",12.2627184292065,0.927636320080809
"cdlinks-policy","Final Energy|Liquids",9,7,5,"range",7.47034567735825,0.744497811922803
"cdlinks-policy","Final Energy|Liquids",9,7,5,"mean",6.58537506422597,0.714285714285714
"cdlinks-policy","Final Energy|Liquids",9,7,5,"iqr",9.8584327732212,0.662812450338596
"cdlinks-policy","Final Energy|Liquids",9,8,5,"min",3.15149271734592,0.339343842991326
"cdlinks-policy","Final Energy|Liquids",9,8,5,"max",3.95018260148148,0.659932991332191
"cdlinks-policy","Final Energy|Liquids",9,8,5,"median",8.5300948981045,0.645275016865064
"cdlinks-policy","Final Energy|Liquids",9,8,5,"range",4.73535700949173,0.471927683738274
"cdlinks-policy","Final Energy|Liquids",9,8,5,"mean",4.86995053519945,0.528221409205323
"cdlinks-policy","Final Energy|Liquids",9,8,5,"iqr",5.4385232485807,0.365648476135763
"cdlinks-policy","Final Energy|Solar",7,3,4,"min",0.841066051860213,Inf
"cdlinks-policy","Final Energy|Solar",7,3,4,"max",5.65532193032684,0.909397890203153
"cdlinks-policy","Final Energy|Solar",7,3,4,"median",5.21523468784983,1.26748548901623
"cdlinks-policy","Final Energy|Solar",7,3,4,"range",5.57011655792157,0.895696532994147
"cdlinks-policy","Final Energy|Solar",7,3,4,"mean",4.20246157812433,1.15470053837925
"cdlinks-policy","Final Energy|Solar",7,3,4,"iqr",4.25424679273374,0.748181973783195
"cdlinks-policy","Final Energy|Solar",7,4,4,"min",0,NA
"cdlinks-policy","Final Energy|Solar",7,4,4,"max",6.21875417927733,1
"cdlinks-policy","Final Energy|Solar",7,4,4,"median",4.1146306865396,1
"cdlinks-policy","Final Energy|Solar",7,4,4,"range",6.21875417927733,1
"cdlinks-policy","Final Energy|Solar",7,4,4,"mean",3.63943848508371,1
"cdlinks-policy","Final Energy|Solar",7,4,4,"iqr",5.68611239217923,1
"cdlinks-policy","Final Energy|Solar",7,5,4,"min",0,NA
"cdlinks-policy","Final Energy|Solar",7,5,4,"max",6.03321427988834,0.970164458340022
"cdlinks-policy","Final Energy|Solar",7,5,4,"median",4.54227582694975,1.10393281268453
"cdlinks-policy","Final Energy|Solar",7,5,4,"range",6.03321427988834,0.970164458340022
"cdlinks-policy","Final Energy|Solar",7,5,4,"mean",3.00115785838761,0.824621125123532
"cdlinks-policy","Final Energy|Solar",7,5,4,"iqr",6.30779292842732,1.10933314246534
"cdlinks-policy","Final Energy|Solar",7,6,4,"min",0,NA
"cdlinks-policy","Final Energy|Solar",7,6,4,"max",5.25400450195854,0.844864477754465
"cdlinks-policy","Final Energy|Solar",7,6,4,"median",2.87278747477721,0.698188414375828
"cdlinks-policy","Final Energy|Solar",7,6,4,"range",5.25400450195854,0.844864477754465
"cdlinks-policy","Final Energy|Solar",7,6,4,"mean",2.23693099418746,0.614636297152859
"cdlinks-policy","Final Energy|Solar",7,6,4,"iqr",4.32797244865534,0.761147889832094
"cdlinks-policy","Final Energy|Solids",9,3,5,"min",2.32740158497371,0.986447048136189
"cdlinks-policy","Final Energy|Solids",9,3,5,"max",16.9822984612313,0.625221186287721
"cdlinks-policy","Final Energy|Solids",9,3,5,"median",7.62609384062573,1.07002564116228
"cdlinks-policy","Final Energy|Solids",9,3,5,"range",16.4952057283038,0.613118501394297
"cdlinks-policy","Final Energy|Solids",9,3,5,"mean",11.8490670265438,1.22720173418454
"cdlinks-policy","Final Energy|Solids",9,3,5,"iqr",14.2852672013617,1.75723506848221
"cdlinks-policy","Final Energy|Solids",9,4,5,"min",2.21553745399809,0.939034499091947
"cdlinks-policy","Final Energy|Solids",9,4,5,"max",22.5778261840894,0.831226426907987
"cdlinks-policy","Final Energy|Solids",9,4,5,"median",6.47176128116202,0.908059966090898
"cdlinks-policy","Final Energy|Solids",9,4,5,"range",22.2537796289232,0.827161797262853
"cdlinks-policy","Final Energy|Solids",9,4,5,"mean",10.7950138120156,1.11803398874989
"cdlinks-policy","Final Energy|Solids",9,4,5,"iqr",11.588498349783,1.42550471084964
"cdlinks-policy","Final Energy|Solids",9,5,5,"min",2.35937812310467,1
"cdlinks-policy","Final Energy|Solids",9,5,5,"max",27.1620649358742,1
"cdlinks-policy","Final Energy|Solids",9,5,5,"median",7.12701971547349,1
"cdlinks-policy","Final Energy|Solids",9,5,5,"range",26.9037807386206,1
"cdlinks-policy","Final Energy|Solids",9,5,5,"mean",9.65535388068645,1
"cdlinks-policy","Final Energy|Solids",9,5,5,"iqr",8.12940024791357,1
"cdlinks-policy","Final Energy|Solids",9,6,5,"min",2.55526810216893,1.08302610639048
"cdlinks-policy","Final Energy|Solids",9,6,5,"max",30.1464447974192,1.10987308470806
"cdlinks-policy","Final Energy|Solids",9,6,5,"median",5.77895947828541,0.810852180714289
"cdlinks-policy","Final Energy|Solids",9,6,5,"range",29.9106673899388,1.1117644646502
"cdlinks-policy","Final Energy|Solids",9,6,5,"mean",8.37855564520306,0.867762668125779
"cdlinks-policy","Final Energy|Solids",9,6,5,"iqr",6.61813869946248,0.81409925672697
"cdlinks-policy","Final Energy|Solids",9,7,5,"min",2.61825397837045,1.10972207156228
"cdlinks-policy","Final Energy|Solids",9,7,5,"max",30.6630199345,1.1288913419098
"cdlinks-policy","Final Energy|Solids",9,7,5,"median",5.177481466977,0.726458137296317
"cdlinks-policy","Final Energy|Solids",9,7,5,"range",30.4379938180012,1.13136492278601
"cdlinks-policy","Final Energy|Solids",9,7,5,"mean",6.89668134334746,0.714285714285714
"cdlinks-policy","Final Energy|Solids",9,7,5,"iqr",5.74913475012007,0.707202816295777
"cdlinks-policy","Final Energy|Solids",9,8,5,"min",2.34319616925826,0.993141432613982
"cdlinks-policy","Final Energy|Solids",9,8,5,"max",27.3371343375387,1.00644536422683
"cdlinks-policy","Final Energy|Solids",9,8,5,"median",3.65687830109004,0.513100629306607
"cdlinks-policy","Final Energy|Solids",9,8,5,"range",27.1439756660978,1.00892792465902
"cdlinks-policy","Final Energy|Solids",9,8,5,"mean",5.10016463323228,0.528221409205323
"cdlinks-policy","Final Energy|Solids",9,8,5,"iqr",5.64617334320874,0.694537502278577
"cdlinks-policy","Primary Energy|Biomass",9,3,5,"min",15.0355737927884,0.641505851206971
"cdlinks-policy","Primary Energy|Biomass",9,3,5,"max",12.2717486492918,0.679486433019535
"cdlinks-policy","Primary Energy|Biomass",9,3,5,"median",13.0914230267876,0.91232032599086
"cdlinks-policy","Primary Energy|Biomass",9,3,5,"range",16.9559620425734,0.618445852978525
"cdlinks-policy","Primary Energy|Biomass",9,3,5,"mean",15.3926410045178,1.22720173418454
"cdlinks-policy","Primary Energy|Biomass",9,3,5,"iqr",14.6842938744732,1.29442351517994
"cdlinks-policy","Primary Energy|Biomass",9,4,5,"min",19.5189260626534,0.832791980607624
"cdlinks-policy","Primary Energy|Biomass",9,4,5,"max",15.3701329158319,0.851043896716177
"cdlinks-policy","Primary Energy|Biomass",9,4,5,"median",11.0406527252003,0.769405424665912
"cdlinks-policy","Primary Energy|Biomass",9,4,5,"range",22.6023424826412,0.82438996624861
"cdlinks-policy","Primary Energy|Biomass",9,4,5,"mean",14.0233633479272,1.11803398874989
"cdlinks-policy","Primary Energy|Biomass",9,4,5,"iqr",13.5831243573501,1.19735519651592
"cdlinks-policy","Primary Energy|Biomass",9,5,5,"min",23.4379371045479,1
"cdlinks-policy","Primary Energy|Biomass",9,5,5,"max",18.0603291735466,1
"cdlinks-policy","Primary Energy|Biomass",9,5,5,"median",14.3495904386096,1
"cdlinks-policy","Primary Energy|Biomass",9,5,5,"range",27.4170518904945,1
"cdlinks-policy","Primary Energy|Biomass",9,5,5,"mean",12.5428774876578,1
"cdlinks-policy","Primary Energy|Biomass",9,5,5,"iqr",11.3442731086602,1
"cdlinks-policy","Primary Energy|Biomass",9,6,5,"min",26.0918867499822,1.11323307309837
"cdlinks-policy","Primary Energy|Biomass",9,6,5,"max",20.0527660884987,1.11032118494665
"cdlinks-policy","Primary Energy|Biomass",9,6,5,"median",11.2914412282019,0.786882474207812
"cdlinks-policy","Primary Energy|Biomass",9,6,5,"range",30.7233387994364,1.12059235698088
"cdlinks-policy","Primary Energy|Biomass",9,6,5,"mean",10.8842408346647,0.867762668125779
"cdlinks-policy","Primary Energy|Biomass",9,6,5,"iqr",7.32451479746274,0.645657480854475
"cdlinks-policy","Primary Energy|Biomass",9,7,5,"min",26.5712900114495,1.13368723078848
"cdlinks-policy","Primary Energy|Biomass",9,7,5,"max",20.6358436866859,1.14260617779391
"cdlinks-policy","Primary Energy|Biomass",9,7,5,"median",14.0815380108442,0.981319855161569
"cdlinks-policy","Primary Energy|Biomass",9,7,5,"range",31.4967757221387,1.14880242587492
"cdlinks-policy","Primary Energy|Biomass",9,7,5,"mean",8.95919820546982,0.714285714285714
"cdlinks-policy","Primary Energy|Biomass",9,7,5,"iqr",6.13981806609844,0.541226221132784
"cdlinks-policy","Primary Energy|Biomass",9,8,5,"min",23.717294102473,1.0119190096244
"cdlinks-policy","Primary Energy|Biomass",9,8,5,"max",18.5555742532697,1.02742170837332
"cdlinks-policy","Primary Energy|Biomass",9,8,5,"median",8.73559146123524,0.608769393008662
"cdlinks-policy","Primary Energy|Biomass",9,8,5,"range",28.2275994810139,1.0295636304646
"cdlinks-policy","Primary Energy|Biomass",9,8,5,"mean",6.6254164220203,0.528221409205323
"cdlinks-policy","Primary Energy|Biomass",9,8,5,"iqr",4.29579364233237,0.378675090169766
"cdlinks-policy","Primary Energy|Coal",9,3,5,"min",4.9766573446616,0.798160991198725
"cdlinks-policy","Primary Energy|Coal",9,3,5,"max",7.07694737648283,0.838798010165229
"cdlinks-policy","Primary Energy|Coal",9,3,5,"median",9.0927893090014,1.97975270708645
"cdlinks-policy","Primary Energy|Coal",9,3,5,"range",7.39661514428504,0.772831300230073
"cdlinks-policy","Primary Energy|Coal",9,3,5,"mean",7.76874425054135,1.22720173418454
"cdlinks-policy","Primary Energy|Coal",9,3,5,"iqr",6.40565661696755,0.509924649404029
"cdlinks-policy","Primary Energy|Coal",9,4,5,"min",5.83292775807015,0.935490446406935
"cdlinks-policy","Primary Energy|Coal",9,4,5,"max",8.23351252895426,0.975880356113324
"cdlinks-policy","Primary Energy|Coal",9,4,5,"median",7.57660921530542,1.64963820174388
"cdlinks-policy","Primary Energy|Coal",9,4,5,"range",8.98260179895127,0.938542251058747
"cdlinks-policy","Primary Energy|Coal",9,4,5,"mean",7.07766284879161,1.11803398874989
"cdlinks-policy","Primary Energy|Coal",9,4,5,"iqr",8.72099398050246,0.694237931234535
"cdlinks-policy","Primary Energy|Coal",9,5,5,"min",6.23515481154668,1
"cdlinks-policy","Primary Energy|Coal",9,5,5,"max",8.43701021070471,1
"cdlinks-policy","Primary Energy|Coal",9,5,5,"median",4.59289146389552,1
"cdlinks-policy","Primary Energy|Coal",9,5,5,"range",9.57080172876417,1
"cdlinks-policy","Primary Energy|Coal",9,5,5,"mean",6.33045410068914,1
"cdlinks-policy","Primary Energy|Coal",9,5,5,"iqr",12.561966997387,1
"cdlinks-policy","Primary Energy|Coal",9,6,5,"min",6.228548261959,0.99894043535608
"cdlinks-policy","Primary Energy|Coal",9,6,5,"max",7.48901731838542,0.887638764367442
"cdlinks-policy","Primary Energy|Coal",9,6,5,"median",3.70526372463855,0.806738794888892
"cdlinks-policy","Primary Energy|Coal",9,6,5,"range",9.04462757835112,0.94502298079881
"cdlinks-policy","Primary Energy|Coal",9,6,5,"mean",5.49333174086179,0.867762668125779
"cdlinks-policy","Primary Energy|Coal",9,6,5,"iqr",11.1804366844436,0.890022771654251
"cdlinks-policy","Primary Energy|Coal",9,7,5,"min",5.81262958638341,0.932235006518072
"cdlinks-policy","Primary Energy|Coal",9,7,5,"max",5.27772220659028,0.625544129352127
"cdlinks-policy","Primary Energy|Coal",9,7,5,"median",2.63519940278174,0.573756080128804
"cdlinks-policy","Primary Energy|Coal",9,7,5,"range",7.41405611421478,0.774653610463218
"cdlinks-policy","Primary Energy|Coal",9,7,5,"mean",4.52175292906367,0.714285714285714
"cdlinks-policy","Primary Energy|Coal",9,7,5,"iqr",8.29269212712196,0.660142804773083
"cdlinks-policy","Primary Energy|Coal",9,8,5,"min",4.86629533225934,0.780461027727428
"cdlinks-policy","Primary Energy|Coal",9,8,5,"max",0.983449918473799,0.116563793798189
"cdlinks-policy","Primary Energy|Coal",9,8,5,"median",1.83789307044568,0.400160353209577
"cdlinks-policy","Primary Energy|Coal",9,8,5,"range",4.84268154703262,0.505984940893549
"cdlinks-policy","Primary Energy|Coal",9,8,5,"mean",3.34388138597563,0.528221409205323
"cdlinks-policy","Primary Energy|Coal",9,8,5,"iqr",4.92648940251746,0.392174999627225
"cdlinks-policy","Primary Energy|Gas",9,3,5,"min",8.28458187353406,1.02410616176184
"cdlinks-policy","Primary Energy|Gas",9,3,5,"max",13.2387396258545,0.965348238820696
"cdlinks-policy","Primary Energy|Gas",9,3,5,"median",20.4924811579209,1.29956214725054
"cdlinks-policy","Primary Energy|Gas",9,3,5,"range",13.2290018129399,0.908175056539868
"cdlinks-policy","Primary Energy|Gas",9,3,5,"mean",15.4832078740657,1.22720173418454
"cdlinks-policy","Primary Energy|Gas",9,3,5,"iqr",11.4566516367163,0.502618916009401
"cdlinks-policy","Primary Energy|Gas",9,4,5,"min",8.48549828688483,1.04894262786871
"cdlinks-policy","Primary Energy|Gas",9,4,5,"max",14.3414815887452,1.04575846228874
"cdlinks-policy","Primary Energy|Gas",9,4,5,"median",17.3189487845197,1.09830772062625
"cdlinks-policy","Primary Energy|Gas",9,4,5,"range",14.819375646309,1.01735471094333
"cdlinks-policy","Primary Energy|Gas",9,4,5,"mean",14.105873692876,1.11803398874989
"cdlinks-policy","Primary Energy|Gas",9,4,5,"iqr",17.1412752095695,0.752011096963233
"cdlinks-policy","Primary Energy|Gas",9,5,5,"min",8.08957331072154,1
"cdlinks-policy","Primary Energy|Gas",9,5,5,"max",13.7139522231142,1
"cdlinks-policy","Primary Energy|Gas",9,5,5,"median",15.768758116937,1
"cdlinks-policy","Primary Energy|Gas",9,5,5,"range",14.5665769145237,1
"cdlinks-policy","Primary Energy|Gas",9,5,5,"mean",12.6166769837187,1
"cdlinks-policy","Primary Energy|Gas",9,5,5,"iqr",22.7939125882441,1
"cdlinks-policy","Primary Energy|Gas",9,6,5,"min",6.68207079400354,0.826010289708042
"cdlinks-policy","Primary Energy|Gas",9,6,5,"max",11.7434729649522,0.856315726779263
"cdlinks-policy","Primary Energy|Gas",9,6,5,"median",12.2352357056785,0.775916252563789
"cdlinks-policy","Primary Energy|Gas",9,6,5,"range",12.6071041540437,0.865481590357285
"cdlinks-policy","Primary Energy|Gas",9,6,5,"mean",10.9482812822728,0.867762668125779
"cdlinks-policy","Primary Energy|Gas",9,6,5,"iqr",19.030729815809,0.834904044759038
"cdlinks-policy","Primary Energy|Gas",9,7,5,"min",4.49922379474248,0.556175662414656
"cdlinks-policy","Primary Energy|Gas",9,7,5,"max",9.25335856515605,0.674740469750211
"cdlinks-policy","Primary Energy|Gas",9,7,5,"median",3.53721199503032,0.224317728054377
"cdlinks-policy","Primary Energy|Gas",9,7,5,"range",9.75228950682627,0.669497683913831
"cdlinks-policy","Primary Energy|Gas",9,7,5,"mean",9.01191213122763,0.714285714285714
"cdlinks-policy","Primary Energy|Gas",9,7,5,"iqr",16.7071373579221,0.732964877935818
"cdlinks-policy","Primary Energy|Gas",9,8,5,"min",2.01345989882909,0.248895686025929
"cdlinks-policy","Primary Energy|Gas",9,8,5,"max",7.00512935062256,0.510803103048276
"cdlinks-policy","Primary Energy|Gas",9,8,5,"median",2.24218222380842,0.142191427326172
"cdlinks-policy","Primary Energy|Gas",9,8,5,"range",7.04270695292295,0.483484005490747
"cdlinks-policy","Primary Energy|Gas",9,8,5,"mean",6.66439889582824,0.528221409205323
"cdlinks-policy","Primary Energy|Gas",9,8,5,"iqr",16.8557866672329,0.739486325657238
"cdlinks-policy","Primary Energy|Geothermal",8,3,4,"min",0.0608324670039031,1.30605027021571
"cdlinks-policy","Primary Energy|Geothermal",8,3,4,"max",2.57482636720033,0.732957264261714
"cdlinks-policy","Primary Energy|Geothermal",8,3,4,"median",0.199387969164754,1.19959099284783
"cdlinks-policy","Primary Energy|Geothermal",8,3,4,"range",2.56034189273369,0.730426867842013
"cdlinks-policy","Primary Energy|Geothermal",8,3,4,"mean",1.44262336654093,1.12006493318265
"cdlinks-policy","Primary Energy|Geothermal",8,3,4,"iqr",2.09051040142308,1.62517487210819
"cdlinks-policy","Primary Energy|Geothermal",8,4,4,"min",0.0465774315056462,1
"cdlinks-policy","Primary Energy|Geothermal",8,4,4,"max",3.51292836942393,1
"cdlinks-policy","Primary Energy|Geothermal",8,4,4,"median",0.166213292991978,1
"cdlinks-policy","Primary Energy|Geothermal",8,4,4,"range",3.50526795420055,1
"cdlinks-policy","Primary Energy|Geothermal",8,4,4,"mean",1.28798190515771,1
"cdlinks-policy","Primary Energy|Geothermal",8,4,4,"iqr",1.28632951278114,1
"cdlinks-policy","Primary Energy|Geothermal",8,5,4,"min",0.0289374462637323,0.621276127264004
"cdlinks-policy","Primary Energy|Geothermal",8,5,4,"max",4.23681588391066,1.20606384143422
"cdlinks-policy","Primary Energy|Geothermal",8,5,4,"median",0.173348960570592,1.04293078760529
"cdlinks-policy","Primary Energy|Geothermal",8,5,4,"range",4.23389161659924,1.20786532496768
"cdlinks-policy","Primary Energy|Geothermal",8,5,4,"mean",1.11745125469254,0.867598566577466
"cdlinks-policy","Primary Energy|Geothermal",8,5,4,"iqr",0.179859236907131,0.139823610606789
"cdlinks-policy","Primary Energy|Geothermal",8,6,4,"min",0,0
"cdlinks-policy","Primary Energy|Geothermal",8,6,4,"max",4.57064522791863,1.30109263476618
"cdlinks-policy","Primary Energy|Geothermal",8,6,4,"median",0.131616802021087,0.791854848982742
"cdlinks-policy","Primary Energy|Geothermal",8,6,4,"range",4.57064522791863,1.30393604358873
"cdlinks-policy","Primary Energy|Geothermal",8,6,4,"mean",0.920804478272664,0.714920352984241
"cdlinks-policy","Primary Energy|Geothermal",8,6,4,"iqr",0.1375217854784,0.10691023109706
"cdlinks-policy","Primary Energy|Geothermal",8,7,4,"min",0,0
"cdlinks-policy","Primary Energy|Geothermal",8,7,4,"max",4.26281820546756,1.21346573490384
"cdlinks-policy","Primary Energy|Geothermal",8,7,4,"median",0.0295115846926914,0.177552493915849
"cdlinks-policy","Primary Energy|Geothermal",8,7,4,"range",4.26281820546756,1.21611764383353
"cdlinks-policy","Primary Energy|Geothermal",8,7,4,"mean",0.683520060087945,0.530690732028763
"cdlinks-policy","Primary Energy|Geothermal",8,7,4,"iqr",0.106527489330884,0.0828150860820753
"cdlinks-policy","Primary Energy|Hydro",9,3,5,"min",1.08482899155481,0.850545807804047
"cdlinks-policy","Primary Energy|Hydro",9,3,5,"max",1.4362943203664,1.06877262633094
"cdlinks-policy","Primary Energy|Hydro",9,3,5,"median",2.63445269953934,0.933501668209021
"cdlinks-policy","Primary Energy|Hydro",9,3,5,"range",1.51637048594612,0.900967959727767
"cdlinks-policy","Primary Energy|Hydro",9,3,5,"mean",1.86578190128781,1.22720173418454
"cdlinks-policy","Primary Energy|Hydro",9,3,5,"iqr",1.31321536237829,0.541595320791829
"cdlinks-policy","Primary Energy|Hydro",9,4,5,"min",1.14299008015403,0.896146239273426
"cdlinks-policy","Primary Energy|Hydro",9,4,5,"max",1.43498674175366,1.0677996333947
"cdlinks-policy","Primary Energy|Hydro",9,4,5,"median",2.23266713677664,0.79113149273885
"cdlinks-policy","Primary Energy|Hydro",9,4,5,"range",1.62282593226835,0.964219617000038
"cdlinks-policy","Primary Energy|Hydro",9,4,5,"mean",1.69980820848522,1.11803398874989
"cdlinks-policy","Primary Energy|Hydro",9,4,5,"iqr",2.09267215551065,0.863058322226228
"cdlinks-policy","Primary Energy|Hydro",9,5,5,"min",1.27545040090861,1
"cdlinks-policy","Primary Energy|Hydro",9,5,5,"max",1.34387266756368,1
"cdlinks-policy","Primary Energy|Hydro",9,5,5,"median",2.82211889839864,1
"cdlinks-policy","Primary Energy|Hydro",9,5,5,"range",1.68304596137281,1
"cdlinks-policy","Primary Energy|Hydro",9,5,5,"mean",1.52035468115403,1
"cdlinks-policy","Primary Energy|Hydro",9,5,5,"iqr",2.4247169647964,1
"cdlinks-policy","Primary Energy|Hydro",9,6,5,"min",1.41281691324393,1.10770039527799
"cdlinks-policy","Primary Energy|Hydro",9,6,5,"max",1.25087374540904,0.930797817085427
"cdlinks-policy","Primary Energy|Hydro",9,6,5,"median",2.27301747789461,0.805429381159098
"cdlinks-policy","Primary Energy|Hydro",9,6,5,"range",1.74320869724077,1.03574634160251
"cdlinks-policy","Primary Energy|Hydro",9,6,5,"mean",1.31930703461574,0.867762668125779
"cdlinks-policy","Primary Energy|Hydro",9,6,5,"iqr",1.70978362911484,0.705147715769955
"cdlinks-policy","Primary Energy|Hydro",9,7,5,"min",1.45210778675645,1.13850588444835
"cdlinks-policy","Primary Energy|Hydro",9,7,5,"max",1.14873351174713,0.854793418657503
"cdlinks-policy","Primary Energy|Hydro",9,7,5,"median",2.64288418554683,0.936489312001163
"cdlinks-policy","Primary Energy|Hydro",9,7,5,"range",1.7270832873932,1.0261652545629
"cdlinks-policy","Primary Energy|Hydro",9,7,5,"mean",1.08596762939574,0.714285714285714
"cdlinks-policy","Primary Energy|Hydro",9,7,5,"iqr",1.47426747424596,0.608016315161864
"cdlinks-policy","Primary Energy|Hydro",9,8,5,"min",1.31168735080295,1.02841110079116
"cdlinks-policy","Primary Energy|Hydro",9,8,5,"max",0.941950031341041,0.700922084417948
"cdlinks-policy","Primary Energy|Hydro",9,8,5,"median",1.78694260248658,0.633191820337743
"cdlinks-policy","Primary Energy|Hydro",9,8,5,"range",1.51621488665038,0.900875508719708
"cdlinks-policy","Primary Energy|Hydro",9,8,5,"mean",0.803083892171092,0.528221409205323
"cdlinks-policy","Primary Energy|Hydro",9,8,5,"iqr",0.787445028670795,0.324757503701846
"cdlinks-policy","Primary Energy|Nuclear",9,3,5,"min",1.9707135228784,1.18410969235768
"cdlinks-policy","Primary Energy|Nuclear",9,3,5,"max",5.74483831958394,0.625814552893966
"cdlinks-policy","Primary Energy|Nuclear",9,3,5,"median",4.03654632494091,1.08538843225774
"cdlinks-policy","Primary Energy|Nuclear",9,3,5,"range",5.53289454273522,0.612310789287501
"cdlinks-policy","Primary Energy|Nuclear",9,3,5,"mean",4.68272880763755,1.22720173418454
"cdlinks-policy","Primary Energy|Nuclear",9,3,5,"iqr",4.79162723046899,1.3299536492313
"cdlinks-policy","Primary Energy|Nuclear",9,4,5,"min",1.9154649933833,1.15091343196561
"cdlinks-policy","Primary Energy|Nuclear",9,4,5,"max",7.603204802785,0.828255896775308
"cdlinks-policy","Primary Energy|Nuclear",9,4,5,"median",3.44212975172029,0.925555540329917
"cdlinks-policy","Primary Energy|Nuclear",9,4,5,"range",7.43367073032336,0.822664657175541
"cdlinks-policy","Primary Energy|Nuclear",9,4,5,"mean",4.26616897711275,1.11803398874989
"cdlinks-policy","Primary Energy|Nuclear",9,4,5,"iqr",4.10021147410264,1.13804579328036
"cdlinks-policy","Primary Energy|Nuclear",9,5,5,"min",1.66429979891011,1
"cdlinks-policy","Primary Energy|Nuclear",9,5,5,"max",9.17977744847571,1
"cdlinks-policy","Primary Energy|Nuclear",9,5,5,"median",3.71898778812705,1
"cdlinks-policy","Primary Energy|Nuclear",9,5,5,"range",9.0360885999958,1
"cdlinks-policy","Primary Energy|Nuclear",9,5,5,"mean",3.81577753452994,1
"cdlinks-policy","Primary Energy|Nuclear",9,5,5,"iqr",3.60285280110214,1
"cdlinks-policy","Primary Energy|Nuclear",9,6,5,"min",1.31355978405666,0.789256710189393
"cdlinks-policy","Primary Energy|Nuclear",9,6,5,"max",10.2234569151855,1.11369332999277
"cdlinks-policy","Primary Energy|Nuclear",9,6,5,"median",2.97359740174768,0.799571703688018
"cdlinks-policy","Primary Energy|Nuclear",9,6,5,"range",10.1102167283185,1.11887091593183
"cdlinks-policy","Primary Energy|Nuclear",9,6,5,"mean",3.31118929433811,0.867762668125779
"cdlinks-policy","Primary Energy|Nuclear",9,6,5,"iqr",2.79706269552083,0.776346648041017
"cdlinks-policy","Primary Energy|Nuclear",9,7,5,"min",0.944726950417077,0.567642290791446
"cdlinks-policy","Primary Energy|Nuclear",9,7,5,"max",10.41559235887,1.13462362430142
"cdlinks-policy","Primary Energy|Nuclear",9,7,5,"median",3.10689132247969,0.835413155267278
"cdlinks-policy","Primary Energy|Nuclear",9,7,5,"range",10.3341025936363,1.14364777185132
"cdlinks-policy","Primary Energy|Nuclear",9,7,5,"mean",2.7255553818071,0.714285714285715
"cdlinks-policy","Primary Energy|Nuclear",9,7,5,"iqr",2.36980635552016,0.657758306083228
"cdlinks-policy","Primary Energy|Nuclear",9,8,5,"min",0.474122527287733,0.284878077614514
"cdlinks-policy","Primary Energy|Nuclear",9,8,5,"max",9.30057633520593,1.01315923914368
"cdlinks-policy","Primary Energy|Nuclear",9,8,5,"median",1.92797354630632,0.518413518985304
"cdlinks-policy","Primary Energy|Nuclear",9,8,5,"range",9.25327559021961,1.02403550914982
"cdlinks-policy","Primary Energy|Nuclear",9,8,5,"mean",2.01557538650342,0.528221409205323
"cdlinks-policy","Primary Energy|Nuclear",9,8,5,"iqr",1.79045488059429,0.496954768745085
"cdlinks-policy","Primary Energy|Oil",9,3,5,"min",13.3662681073702,0.840869567310207
"cdlinks-policy","Primary Energy|Oil",9,3,5,"max",5.14160708400927,1.64957998636651
"cdlinks-policy","Primary Energy|Oil",9,3,5,"median",17.6936995308017,1.43190279562432
"cdlinks-policy","Primary Energy|Oil",9,3,5,"range",12.8556674143108,0.814072374092833
"cdlinks-policy","Primary Energy|Oil",9,3,5,"mean",13.2863524153373,1.22720173418454
"cdlinks-policy","Primary Energy|Oil",9,3,5,"iqr",11.1333345633969,0.504915368106688
"cdlinks-policy","Primary Energy|Oil",9,4,5,"min",15.4013299863619,0.968894950902033
"cdlinks-policy","Primary Energy|Oil",9,4,5,"max",4.47348749576227,1.43522741463863
"cdlinks-policy","Primary Energy|Oil",9,4,5,"median",14.8240529812886,1.19967013509178
"cdlinks-policy","Primary Energy|Oil",9,4,5,"range",15.1621308262457,0.960126879471677
"cdlinks-policy","Primary Energy|Oil",9,4,5,"mean",12.1044431189034,1.11803398874989
"cdlinks-policy","Primary Energy|Oil",9,4,5,"iqr",15.8981426373697,0.72100739416843
"cdlinks-policy","Primary Energy|Oil",9,5,5,"min",15.8957686506916,1
"cdlinks-policy","Primary Energy|Oil",9,5,5,"max",3.11691892875989,1
"cdlinks-policy","Primary Energy|Oil",9,5,5,"median",12.3567742062317,1
"cdlinks-policy","Primary Energy|Oil",9,5,5,"range",15.7917991365775,1
"cdlinks-policy","Primary Energy|Oil",9,5,5,"mean",10.826543057459,1
"cdlinks-policy","Primary Energy|Oil",9,5,5,"iqr",22.0499023532286,1
"cdlinks-policy","Primary Energy|Oil",9,6,5,"min",14.3914663957269,0.905364610669566
"cdlinks-policy","Primary Energy|Oil",9,6,5,"max",1.60810624364717,0.515928158672696
"cdlinks-policy","Primary Energy|Oil",9,6,5,"median",9.93165552928634,0.803741766542733
"cdlinks-policy","Primary Energy|Oil",9,6,5,"range",14.3356516928017,0.907790908991301
"cdlinks-policy","Primary Energy|Oil",9,6,5,"mean",9.39486989011927,0.867762668125779
"cdlinks-policy","Primary Energy|Oil",9,6,5,"iqr",19.2560825731795,0.873295593998857
"cdlinks-policy","Primary Energy|Oil",9,7,5,"min",10.5371232514012,0.66288856380297
"cdlinks-policy","Primary Energy|Oil",9,7,5,"max",0.453286963260664,0.145427896464734
"cdlinks-policy","Primary Energy|Oil",9,7,5,"median",10.1710380633386,0.82311434146051
"cdlinks-policy","Primary Energy|Oil",9,7,5,"range",10.4953517882796,0.664607730728408
"cdlinks-policy","Primary Energy|Oil",9,7,5,"mean",7.73324504104216,0.714285714285714
"cdlinks-policy","Primary Energy|Oil",9,7,5,"iqr",13.9659034053995,0.63337710896278
"cdlinks-policy","Primary Energy|Oil",9,8,5,"min",3.52154378093312,0.221539697659094
"cdlinks-policy","Primary Energy|Oil",9,8,5,"max",0.282044444444443,0.0904882195818478
"cdlinks-policy","Primary Energy|Oil",9,8,5,"median",6.85120510235487,0.55444932374824
"cdlinks-policy","Primary Energy|Oil",9,8,5,"range",3.49750077982131,0.221475764070497
"cdlinks-policy","Primary Energy|Oil",9,8,5,"mean",5.71881183063311,0.528221409205323
"cdlinks-policy","Primary Energy|Oil",9,8,5,"iqr",7.72753852892859,0.350456814054649
"cdlinks-policy","Primary Energy|Solar",9,3,5,"min",3.37246450237071,0.82896396862249
"cdlinks-policy","Primary Energy|Solar",9,3,5,"max",21.6752341495363,0.607709707438274
"cdlinks-policy","Primary Energy|Solar",9,3,5,"median",7.43885065764345,1.12714403598141
"cdlinks-policy","Primary Energy|Solar",9,3,5,"range",21.0676549622103,0.597220152027427
"cdlinks-policy","Primary Energy|Solar",9,3,5,"mean",14.6568021997561,1.22720173418454
"cdlinks-policy","Primary Energy|Solar",9,3,5,"iqr",18.2451243954394,2.53085906165931
"cdlinks-policy","Primary Energy|Solar",9,4,5,"min",3.71013015502708,0.911963406955128
"cdlinks-policy","Primary Energy|Solar",9,4,5,"max",29.3041639668953,0.821602423677904
"cdlinks-policy","Primary Energy|Solar",9,4,5,"median",6.3512268447365,0.962345903779387
"cdlinks-policy","Primary Energy|Solar",9,4,5,"range",28.8346473410927,0.817396739200153
"cdlinks-policy","Primary Energy|Solar",9,4,5,"mean",13.3529822923534,1.11803398874989
"cdlinks-policy","Primary Energy|Solar",9,4,5,"iqr",13.3921444945869,1.85768151066419
"cdlinks-policy","Primary Energy|Solar",9,5,5,"min",4.06828840579744,1
"cdlinks-policy","Primary Energy|Solar",9,5,5,"max",35.6670855907595,1
"cdlinks-policy","Primary Energy|Solar",9,5,5,"median",6.59973385847391,1
"cdlinks-policy","Primary Energy|Solar",9,5,5,"range",35.2761957055374,1
"cdlinks-policy","Primary Energy|Solar",9,5,5,"mean",11.9432704432212,1
"cdlinks-policy","Primary Energy|Solar",9,5,5,"iqr",7.20906378069008,1
"cdlinks-policy","Primary Energy|Solar",9,6,5,"min",4.38243453141682,1.07721825354655
"cdlinks-policy","Primary Energy|Solar",9,6,5,"max",39.8396546621731,1.11698654382052
"cdlinks-policy","Primary Energy|Solar",9,6,5,"median",5.42180740994717,0.821519098529357
"cdlinks-policy","Primary Energy|Solar",9,6,5,"range",39.4896547282662,1.11944199022763
"cdlinks-policy","Primary Energy|Solar",9,6,5,"mean",10.3639242259574,0.867762668125779
"cdlinks-policy","Primary Energy|Solar",9,6,5,"iqr",5.94113352897862,0.82411998419161
"cdlinks-policy","Primary Energy|Solar",9,7,5,"min",4.4696684926828,1.09866067664067
"cdlinks-policy","Primary Energy|Solar",9,7,5,"max",40.5997661294376,1.13829782997342
"cdlinks-policy","Primary Energy|Solar",9,7,5,"median",5.25473396501033,0.79620391938432
"cdlinks-policy","Primary Energy|Solar",9,7,5,"range",40.2758173196936,1.1417279135168
"cdlinks-policy","Primary Energy|Solar",9,7,5,"mean",8.53090745944375,0.714285714285714
"cdlinks-policy","Primary Energy|Solar",9,7,5,"iqr",4.74236727294552,0.657834001364815
"cdlinks-policy","Primary Energy|Solar",9,8,5,"min",4.03724727598968,0.992369978056734
"cdlinks-policy","Primary Energy|Solar",9,8,5,"max",36.1221552559916,1.01275881271752
"cdlinks-policy","Primary Energy|Solar",9,8,5,"median",3.69707194295065,0.560185004764046
"cdlinks-policy","Primary Energy|Solar",9,8,5,"range",35.8420276725232,1.01604005068202
"cdlinks-policy","Primary Energy|Solar",9,8,5,"mean",6.30869114403861,0.528221409205323
"cdlinks-policy","Primary Energy|Solar",9,8,5,"iqr",3.47353196110736,0.481828440804121
"cdlinks-policy","Primary Energy|Wind",9,3,5,"min",4.67624124584743,0.990992064241135
"cdlinks-policy","Primary Energy|Wind",9,3,5,"max",2.52162752949164,2.03023421068028
"cdlinks-policy","Primary Energy|Wind",9,3,5,"median",8.32619035057456,0.990101981942926
"cdlinks-policy","Primary Energy|Wind",9,3,5,"range",4.6266981214606,0.989861725719339
"cdlinks-policy","Primary Energy|Wind",9,3,5,"mean",5.63158117272653,1.22720173418454
"cdlinks-policy","Primary Energy|Wind",9,3,5,"iqr",4.00683810882662,0.546996031596256
"cdlinks-policy","Primary Energy|Wind",9,4,5,"min",4.83547093953987,1.0247361237421
"cdlinks-policy","Primary Energy|Wind",9,4,5,"max",1.91787261825255,1.5441339197658
"cdlinks-policy","Primary Energy|Wind",9,4,5,"median",7.08417783887378,0.842409099885768
"cdlinks-policy","Primary Energy|Wind",9,4,5,"range",4.8236767338205,1.03200443398378
"cdlinks-policy","Primary Energy|Wind",9,4,5,"mean",5.13061462196846,1.11803398874989
"cdlinks-policy","Primary Energy|Wind",9,4,5,"iqr",6.35621055353037,0.867722092667609
"cdlinks-policy","Primary Energy|Wind",9,5,5,"min",4.71874741946427,1
"cdlinks-policy","Primary Energy|Wind",9,5,5,"max",1.24203774925392,1
"cdlinks-policy","Primary Energy|Wind",9,5,5,"median",8.40942701097887,1
"cdlinks-policy","Primary Energy|Wind",9,5,5,"range",4.67408528004085,1
"cdlinks-policy","Primary Energy|Wind",9,5,5,"mean",4.58896122443035,1
"cdlinks-policy","Primary Energy|Wind",9,5,5,"iqr",7.32516851563579,1
"cdlinks-policy","Primary Energy|Wind",9,6,5,"min",4.40163272294899,0.932796848755409
"cdlinks-policy","Primary Energy|Wind",9,6,5,"max",0.749248281272709,0.603241150860974
"cdlinks-policy","Primary Energy|Wind",9,6,5,"median",6.77973621380327,0.806206677928476
"cdlinks-policy","Primary Energy|Wind",9,6,5,"range",4.34059381593691,0.92865096716827
"cdlinks-policy","Primary Energy|Wind",9,6,5,"mean",3.98212923603742,0.867762668125779
"cdlinks-policy","Primary Energy|Wind",9,6,5,"iqr",5.39131458508211,0.735998710961283
"cdlinks-policy","Primary Energy|Wind",9,7,5,"min",3.81450578476211,0.808372528910475
"cdlinks-policy","Primary Energy|Wind",9,7,5,"max",0.653704083709823,0.526315793624225
"cdlinks-policy","Primary Energy|Wind",9,7,5,"median",7.63314098328466,0.907688594397605
"cdlinks-policy","Primary Energy|Wind",9,7,5,"range",3.77702125509322,0.808077095046116
"cdlinks-policy","Primary Energy|Wind",9,7,5,"mean",3.27782944602168,0.714285714285714
"cdlinks-policy","Primary Energy|Wind",9,7,5,"iqr",4.38464247256655,0.598572232598799
"cdlinks-policy","Primary Energy|Wind",9,8,5,"min",2.98429457761185,0.632433633828755
"cdlinks-policy","Primary Energy|Wind",9,8,5,"max",0.488148945736475,0.393022632387543
"cdlinks-policy","Primary Energy|Wind",9,8,5,"median",5.14416628890264,0.611714244286407
"cdlinks-policy","Primary Energy|Wind",9,8,5,"range",2.96312477905168,0.633947521604865
"cdlinks-policy","Primary Energy|Wind",9,8,5,"mean",2.42398756475718,0.528221409205323
"cdlinks-policy","Primary Energy|Wind",9,8,5,"iqr",4.23007422275023,0.57747125048673
"engage-policy","Emissions|CO2",9,3,5,"min",507.113036091896,0.858300435371263
"engage-policy","Emissions|CO2",9,3,5,"max",1461.1252699357,0.632019786054826
"engage-policy","Emissions|CO2",9,3,5,"median",893.427705956436,1.17401654175898
"engage-policy","Emissions|CO2",9,3,5,"range",1412.77730524343,0.618270817103104
"engage-policy","Emissions|CO2",9,3,5,"mean",1160.77405782661,1.22720173418454
"engage-policy","Emissions|CO2",9,3,5,"iqr",1223.50103623093,1.35378691175782
"engage-policy","Emissions|CO2",9,4,5,"min",565.835899979177,0.957690228284352
"engage-policy","Emissions|CO2",9,4,5,"max",1928.40725087707,0.834145821172151
"engage-policy","Emissions|CO2",9,4,5,"median",756.95557740369,0.994684139884937
"engage-policy","Emissions|CO2",9,4,5,"range",1895.4055490175,0.829482419616647
"engage-policy","Emissions|CO2",9,4,5,"mean",1057.51549542231,1.11803398874989
"engage-policy","Emissions|CO2",9,4,5,"iqr",1050.5989743516,1.16247318054166
"engage-policy","Emissions|CO2",9,5,5,"min",590.83394950457,1
"engage-policy","Emissions|CO2",9,5,5,"max",2311.83469596149,1
"engage-policy","Emissions|CO2",9,5,5,"median",761.000952012016,1
"engage-policy","Emissions|CO2",9,5,5,"range",2285.04607715915,1
"engage-policy","Emissions|CO2",9,5,5,"mean",945.870614009462,1
"engage-policy","Emissions|CO2",9,5,5,"iqr",903.761903446296,1
"engage-policy","Emissions|CO2",9,6,5,"min",560.526177815105,0.948703401835865
"engage-policy","Emissions|CO2",9,6,5,"max",2568.0017423965,1.1108068180145
"engage-policy","Emissions|CO2",9,6,5,"median",601.928537324895,0.790969493183224
"engage-policy","Emissions|CO2",9,6,5,"range",2544.03054597112,1.11333883872221
"engage-policy","Emissions|CO2",9,6,5,"mean",820.79120771462,0.867762668125779
"engage-policy","Emissions|CO2",9,6,5,"iqr",729.002425869371,0.806631064099385
"engage-policy","Emissions|CO2",9,7,5,"min",475.855782544486,0.805396817402763
"engage-policy","Emissions|CO2",9,7,5,"max",2629.18537850337,1.13727222067229
"engage-policy","Emissions|CO2",9,7,5,"median",286.572743769507,0.376573436619015
"engage-policy","Emissions|CO2",9,7,5,"range",2607.36076240703,1.14105391067151
"engage-policy","Emissions|CO2",9,7,5,"mean",675.621867149616,0.714285714285715
"engage-policy","Emissions|CO2",9,7,5,"iqr",628.397012533317,0.695312570863038
"engage-policy","Emissions|CO2",9,8,5,"min",345.009381071065,0.583936284230729
"engage-policy","Emissions|CO2",9,8,5,"max",2371.69732537778,1.02589399212706
"engage-policy","Emissions|CO2",9,8,5,"median",191.136325702291,0.251164371341382
"engage-policy","Emissions|CO2",9,8,5,"range",2353.59623122829,1.0299994624854
"engage-policy","Emissions|CO2",9,8,5,"mean",499.629108657982,0.528221409205323
"engage-policy","Emissions|CO2",9,8,5,"iqr",672.221719010818,0.743804000199001
"engage-policy","Emissions|CO2|Energy",9,3,5,"min",516.896686269207,1.13551156149785
"engage-policy","Emissions|CO2|Energy",9,3,5,"max",1542.826467922,0.662893952068164
"engage-policy","Emissions|CO2|Energy",9,3,5,"median",1290.12127749376,0.992770254572123
"engage-policy","Emissions|CO2|Energy",9,3,5,"range",1478.01449376806,0.643989173696218
"engage-policy","Emissions|CO2|Energy",9,3,5,"mean",1319.53267908866,1.22720173418454
"engage-policy","Emissions|CO2|Energy",9,3,5,"iqr",1279.99809876474,1.15706566013279
"engage-policy","Emissions|CO2|Energy",9,4,5,"min",488.712989383081,1.07359800215404
"engage-policy","Emissions|CO2|Energy",9,4,5,"max",1973.71619724808,0.848030907855072
"engage-policy","Emissions|CO2|Energy",9,4,5,"median",1097.78937993288,0.844767589834443
"engage-policy","Emissions|CO2|Energy",9,4,5,"range",1929.41873424465,0.840671577727574
"engage-policy","Emissions|CO2|Energy",9,4,5,"mean",1202.15148283476,1.1180339887499
"engage-policy","Emissions|CO2|Energy",9,4,5,"iqr",1249.14218440331,1.12917318204703
"engage-policy","Emissions|CO2|Energy",9,5,5,"min",455.210412465875,1
"engage-policy","Emissions|CO2|Energy",9,5,5,"max",2327.41068629233,1
"engage-policy","Emissions|CO2|Energy",9,5,5,"median",1299.51645061102,1
"engage-policy","Emissions|CO2|Energy",9,5,5,"range",2295.09214461619,1
"engage-policy","Emissions|CO2|Energy",9,5,5,"mean",1075.23697394828,1
"engage-policy","Emissions|CO2|Energy",9,5,5,"iqr",1106.24499790084,1
"engage-policy","Emissions|CO2|Energy",9,6,5,"min",444.475487242675,0.976417663284438
"engage-policy","Emissions|CO2|Energy",9,6,5,"max",2548.26571177108,1.09489301857189
"engage-policy","Emissions|CO2|Energy",9,6,5,"median",1044.7183187328,0.803928506054376
"engage-policy","Emissions|CO2|Energy",9,6,5,"range",2524.05107996654,1.09976023659331
"engage-policy","Emissions|CO2|Energy",9,6,5,"mean",933.050505380844,0.867762668125779
"engage-policy","Emissions|CO2|Energy",9,6,5,"iqr",803.098114038172,0.725967679458069
"engage-policy","Emissions|CO2|Energy",9,7,5,"min",445.459675196753,0.978579713903504
"engage-policy","Emissions|CO2|Energy",9,7,5,"max",2560.9540664337,1.10034472279296
"engage-policy","Emissions|CO2|Energy",9,7,5,"median",1133.66170438852,0.872371953318084
"engage-policy","Emissions|CO2|Energy",9,7,5,"range",2541.92390732876,1.10754764826832
"engage-policy","Emissions|CO2|Energy",9,7,5,"mean",768.026409963054,0.714285714285714
"engage-policy","Emissions|CO2|Energy",9,7,5,"iqr",650.377297130029,0.587914339377039
"engage-policy","Emissions|CO2|Energy",9,8,5,"min",398.339124537037,0.875065933530021
"engage-policy","Emissions|CO2|Energy",9,8,5,"max",2262.3462442963,0.972044279774413
"engage-policy","Emissions|CO2|Energy",9,8,5,"median",734.351302946544,0.565095811292931
"engage-policy","Emissions|CO2|Energy",9,8,5,"range",2247.57409925242,0.979295800617315
"engage-policy","Emissions|CO2|Energy",9,8,5,"mean",567.963189608625,0.528221409205323
"engage-policy","Emissions|CO2|Energy",9,8,5,"iqr",605.14320737643,0.547024581828365
"engage-policy","Final Energy|Electricity",9,3,5,"min",8.77661859747942,0.890493545896893
"engage-policy","Final Energy|Electricity",9,3,5,"max",8.28617870614508,0.66335600671484
"engage-policy","Final Energy|Electricity",9,3,5,"median",11.869856995298,1.15650855407885
"engage-policy","Final Energy|Electricity",9,3,5,"range",10.266231628803,0.706955724879709
"engage-policy","Final Energy|Electricity",9,3,5,"mean",10.7398779557544,1.22720173418454
"engage-policy","Final Energy|Electricity",9,3,5,"iqr",8.8908173916787,0.668971671369295
"engage-policy","Final Energy|Electricity",9,4,5,"min",9.77318367130246,0.991607062047698
"engage-policy","Final Energy|Electricity",9,4,5,"max",10.4903888713192,0.83981563967518
"engage-policy","Final Energy|Electricity",9,4,5,"median",10.0153272979218,0.975817290514473
"engage-policy","Final Energy|Electricity",9,4,5,"range",12.7646872566452,0.879004980470769
"engage-policy","Final Energy|Electricity",9,4,5,"mean",9.78449447640163,1.1180339887499
"engage-policy","Final Energy|Electricity",9,4,5,"iqr",10.8461024092492,0.816093159595081
"engage-policy","Final Energy|Electricity",9,5,5,"min",9.85590365917781,1
"engage-policy","Final Energy|Electricity",9,5,5,"max",12.4912997278505,1
"engage-policy","Final Energy|Electricity",9,5,5,"median",10.2635271943598,1
"engage-policy","Final Energy|Electricity",9,5,5,"range",14.5217462247015,1
"engage-policy","Final Energy|Electricity",9,5,5,"mean",8.7515179098821,1
"engage-policy","Final Energy|Electricity",9,5,5,"iqr",13.2902748684117,1
"engage-policy","Final Energy|Electricity",9,6,5,"min",9.09431079148016,0.922727241049231
"engage-policy","Final Energy|Electricity",9,6,5,"max",13.8863825083798,1.11168435718654
"engage-policy","Final Energy|Electricity",9,6,5,"median",8.14247112119758,0.793340434239041
"engage-policy","Final Energy|Electricity",9,6,5,"range",15.4101419987419,1.06117692461319
"engage-policy","Final Energy|Electricity",9,6,5,"mean",7.59424053162983,0.867762668125779
"engage-policy","Final Energy|Electricity",9,6,5,"iqr",11.1304898330473,0.83749131927303
"engage-policy","Final Energy|Electricity",9,7,5,"min",7.36399321543282,0.747165705965021
"engage-policy","Final Energy|Electricity",9,7,5,"max",14.1097149619953,1.12956339767722
"engage-policy","Final Energy|Electricity",9,7,5,"median",10.6584162424961,1.03847498434587
"engage-policy","Final Energy|Electricity",9,7,5,"range",15.0033724187621,1.03316585943647
"engage-policy","Final Energy|Electricity",9,7,5,"mean",6.25108422134436,0.714285714285715
"engage-policy","Final Energy|Electricity",9,7,5,"iqr",8.80262987825775,0.662336179305052
"engage-policy","Final Energy|Electricity",9,8,5,"min",4.39637568146726,0.446065204520679
"engage-policy","Final Energy|Electricity",9,8,5,"max",12.5125773515831,1.00170339549896
"engage-policy","Final Energy|Electricity",9,8,5,"median",7.1502922093284,0.696670070037695
"engage-policy","Final Energy|Electricity",9,8,5,"range",12.7334289732461,0.876852465000836
"engage-policy","Final Energy|Electricity",9,8,5,"mean",4.62273912304355,0.528221409205323
"engage-policy","Final Energy|Electricity",9,8,5,"iqr",3.47781377872862,0.261681102397264
"engage-policy","Final Energy|Gases",9,3,5,"min",3.75641345938163,1.36132055131518
"engage-policy","Final Energy|Gases",9,3,5,"max",10.163777088951,0.935018136249068
"engage-policy","Final Energy|Gases",9,3,5,"median",14.5151208958172,1.41428371109266
"engage-policy","Final Energy|Gases",9,3,5,"range",9.72109859245758,0.901292651571335
"engage-policy","Final Energy|Gases",9,3,5,"mean",10.412606233021,1.22720173418454
"engage-policy","Final Energy|Gases",9,3,5,"iqr",8.41871833376141,0.46089827027649
"engage-policy","Final Energy|Gases",9,4,5,"min",3.29164300926611,1.19288819629683
"engage-policy","Final Energy|Gases",9,4,5,"max",11.179378238424,1.02844851017816
"engage-policy","Final Energy|Gases",9,4,5,"median",12.1985090874972,1.18856417565454
"engage-policy","Final Energy|Gases",9,4,5,"range",10.9631391360186,1.0164485677693
"engage-policy","Final Energy|Gases",9,4,5,"mean",9.48633574717215,1.11803398874989
"engage-policy","Final Energy|Gases",9,4,5,"iqr",12.8832429087869,0.705316906541372
"engage-policy","Final Energy|Gases",9,5,5,"min",2.75938937067581,1
"engage-policy","Final Energy|Gases",9,5,5,"max",10.8701389790407,1
"engage-policy","Final Energy|Gases",9,5,5,"median",10.2632313318542,1
"engage-policy","Final Energy|Gases",9,5,5,"range",10.7857293360925,1
"engage-policy","Final Energy|Gases",9,5,5,"mean",8.48483663522527,1
"engage-policy","Final Energy|Gases",9,5,5,"iqr",18.2658926637131,1
"engage-policy","Final Energy|Gases",9,6,5,"min",2.18580265294046,0.792132736383315
"engage-policy","Final Energy|Gases",9,6,5,"max",9.30513104992044,0.856026870296892
"engage-policy","Final Energy|Gases",9,6,5,"median",8.13075686593568,0.79222192339172
"engage-policy","Final Energy|Gases",9,6,5,"range",9.33339830591634,0.865346979798924
"engage-policy","Final Energy|Gases",9,6,5,"mean",7.36282447719444,0.867762668125779
"engage-policy","Final Energy|Gases",9,6,5,"iqr",16.0039516779523,0.876165866765748
"engage-policy","Final Energy|Gases",9,7,5,"min",1.34901804424892,0.488882815373944
"engage-policy","Final Energy|Gases",9,7,5,"max",6.44214246562215,0.592645823392287
"engage-policy","Final Energy|Gases",9,7,5,"median",9.85199743032373,0.959931342456045
"engage-policy","Final Energy|Gases",9,7,5,"range",6.50649754163069,0.603250585925408
"engage-policy","Final Energy|Gases",9,7,5,"mean",6.06059759658948,0.714285714285715
"engage-policy","Final Energy|Gases",9,7,5,"iqr",12.477520521984,0.683104885794698
"engage-policy","Final Energy|Gases",9,8,5,"min",0.342110712296784,0.123980586405244
"engage-policy","Final Energy|Gases",9,8,5,"max",0.384832222058658,0.0354026956601636
"engage-policy","Final Energy|Gases",9,8,5,"median",6.20930320200313,0.605004700881213
"engage-policy","Final Energy|Gases",9,8,5,"range",0.481893942898236,0.0446788462682503
"engage-policy","Final Energy|Gases",9,8,5,"mean",4.48187236433565,0.528221409205323
"engage-policy","Final Energy|Gases",9,8,5,"iqr",5.85236462490143,0.320398500782154
"engage-policy","Final Energy|Heat",7,3,4,"min",2.19814591707728,0.9258196170553
"engage-policy","Final Energy|Heat",7,3,4,"max",2.64756877130917,0.937132346940207
"engage-policy","Final Energy|Heat",7,3,4,"median",3.54484839693676,1.24817711784329
"engage-policy","Final Energy|Heat",7,3,4,"range",2.87261253200921,0.880738722374851
"engage-policy","Final Energy|Heat",7,3,4,"mean",2.88943762172373,1.15470053837925
"engage-policy","Final Energy|Heat",7,3,4,"iqr",2.19399406170183,0.761165740957458
"engage-policy","Final Energy|Heat",7,4,4,"min",2.3742701889044,1
"engage-policy","Final Energy|Heat",7,4,4,"max",2.82518128837793,1
"engage-policy","Final Energy|Heat",7,4,4,"median",2.84002033546479,1
"engage-policy","Final Energy|Heat",7,4,4,"range",3.26159445364615,1
"engage-policy","Final Energy|Heat",7,4,4,"mean",2.50232638306325,1
"engage-policy","Final Energy|Heat",7,4,4,"iqr",2.88241304573435,1
"engage-policy","Final Energy|Heat",7,5,4,"min",2.52827897011879,1.06486573513584
"engage-policy","Final Energy|Heat",7,5,4,"max",2.8554138329384,1.01070109896481
"engage-policy","Final Energy|Heat",7,5,4,"median",3.76702651191638,1.3264082883054
"engage-policy","Final Energy|Heat",7,5,4,"range",3.45630620366508,1.05969833245248
"engage-policy","Final Energy|Heat",7,5,4,"mean",2.06347119742791,0.824621125123532
"engage-policy","Final Energy|Heat",7,5,4,"iqr",2.51936668993827,0.874047768298391
"engage-policy","Final Energy|Heat",7,6,4,"min",2.3427741065307,0.98673441526542
"engage-policy","Final Energy|Heat",7,6,4,"max",2.74425919033332,0.971356847655229
"engage-policy","Final Energy|Heat",7,6,4,"median",2.54493335955367,0.896096879227865
"engage-policy","Final Energy|Heat",7,6,4,"range",3.29795227786158,1.0111472547345
"engage-policy","Final Energy|Heat",7,6,4,"mean",1.5380206223539,0.614636297152859
"engage-policy","Final Energy|Heat",7,6,4,"iqr",1.02190488804866,0.35453103765297
"engage-policy","Final Energy|Hydrogen",9,3,5,"min",0.863475851649546,1.87063216051786
"engage-policy","Final Energy|Hydrogen",9,3,5,"max",1.89160163526687,0.713649738893824
"engage-policy","Final Energy|Hydrogen",9,3,5,"median",2.46385638530195,0.97535953923108
"engage-policy","Final Energy|Hydrogen",9,3,5,"range",1.84418962020299,0.700994834436778
"engage-policy","Final Energy|Hydrogen",9,3,5,"mean",1.93412979204674,1.22720173418454
"engage-policy","Final Energy|Hydrogen",9,3,5,"iqr",1.59711506049137,0.791912392409525
"engage-policy","Final Energy|Hydrogen",9,4,5,"min",0.689193250337962,1.49306672147361
"engage-policy","Final Energy|Hydrogen",9,4,5,"max",2.29431890463326,0.865583988036517
"engage-policy","Final Energy|Hydrogen",9,4,5,"median",2.10422541446444,0.832993490584008
"engage-policy","Final Energy|Hydrogen",9,4,5,"range",2.26597781526947,0.86132072648657
"engage-policy","Final Energy|Hydrogen",9,4,5,"mean",1.7620761003886,1.11803398874989
"engage-policy","Final Energy|Hydrogen",9,4,5,"iqr",1.91118153865911,0.947638890928007
"engage-policy","Final Energy|Hydrogen",9,5,5,"min",0.461595748150992,1
"engage-policy","Final Energy|Hydrogen",9,5,5,"max",2.65060229433966,1
"engage-policy","Final Energy|Hydrogen",9,5,5,"median",2.52610066975335,1
"engage-policy","Final Energy|Hydrogen",9,5,5,"range",2.63081770307869,1
"engage-policy","Final Energy|Hydrogen",9,5,5,"mean",1.57604877679866,1
"engage-policy","Final Energy|Hydrogen",9,5,5,"iqr",2.01678250750929,1
"engage-policy","Final Energy|Hydrogen",9,6,5,"min",0.223647445427768,0.484509327314277
"engage-policy","Final Energy|Hydrogen",9,6,5,"max",2.89808478872615,1.09336839967089
"engage-policy","Final Energy|Hydrogen",9,6,5,"median",2.07180475503924,0.82015922003676
"engage-policy","Final Energy|Hydrogen",9,6,5,"range",2.88941030863836,1.09829362378741
"engage-policy","Final Energy|Hydrogen",9,6,5,"mean",1.36763629165118,0.867762668125779
"engage-policy","Final Energy|Hydrogen",9,6,5,"iqr",1.42402064156187,0.70608537919169
"engage-policy","Final Energy|Hydrogen",9,7,5,"min",0,0
"engage-policy","Final Energy|Hydrogen",9,7,5,"max",2.94638851472746,1.11159207890956
"engage-policy","Final Energy|Hydrogen",9,7,5,"median",1.77522253539302,0.702752094027336
"engage-policy","Final Energy|Hydrogen",9,7,5,"range",2.94638851472746,1.11995160716741
"engage-policy","Final Energy|Hydrogen",9,7,5,"mean",1.12574912628476,0.714285714285714
"engage-policy","Final Energy|Hydrogen",9,7,5,"iqr",1.16005654067501,0.575201607687318
"engage-policy","Final Energy|Hydrogen",9,8,5,"min",0,0
"engage-policy","Final Energy|Hydrogen",9,8,5,"max",2.65389467697269,1.00124212622922
"engage-policy","Final Energy|Hydrogen",9,8,5,"median",1.232637176509,0.487960432958262
"engage-policy","Final Energy|Hydrogen",9,8,5,"range",2.65389467697269,1.00877178751952
"engage-policy","Final Energy|Hydrogen",9,8,5,"mean",0.832502705856914,0.528221409205323
"engage-policy","Final Energy|Hydrogen",9,8,5,"iqr",1.14828149133559,0.569363075621726
"engage-policy","Final Energy|Liquids",9,3,5,"min",5.07146271578721,1.09457750722734
"engage-policy","Final Energy|Liquids",9,3,5,"max",6.35597499523574,0.85692236598891
"engage-policy","Final Energy|Liquids",9,3,5,"median",10.987893544637,1.052961137742
"engage-policy","Final Energy|Liquids",9,3,5,"range",6.73275641313913,0.844926665366392
"engage-policy","Final Energy|Liquids",9,3,5,"mean",8.30829905254433,1.22720173418454
"engage-policy","Final Energy|Liquids",9,3,5,"iqr",5.83073809127109,0.627553612971507
"engage-policy","Final Energy|Liquids",9,4,5,"min",4.98468082911672,1.07584730915479
"engage-policy","Final Energy|Liquids",9,4,5,"max",7.0124502624931,0.945429375480458
"engage-policy","Final Energy|Liquids",9,4,5,"median",9.38822325050185,0.899666000136052
"engage-policy","Final Energy|Liquids",9,4,5,"range",7.57343245704521,0.950427230490773
"engage-policy","Final Energy|Liquids",9,4,5,"mean",7.56922066738726,1.11803398874989
"engage-policy","Final Energy|Liquids",9,4,5,"iqr",8.1606162734076,0.878314914216049
"engage-policy","Final Energy|Liquids",9,5,5,"min",4.63326048845426,1
"engage-policy","Final Energy|Liquids",9,5,5,"max",7.41721216238858,1
"engage-policy","Final Energy|Liquids",9,5,5,"median",10.4352317961134,1
"engage-policy","Final Energy|Liquids",9,5,5,"range",7.96845062313136,1
"engage-policy","Final Energy|Liquids",9,5,5,"mean",6.7701167795897,1
"engage-policy","Final Energy|Liquids",9,5,5,"iqr",9.29121906200518,1
"engage-policy","Final Energy|Liquids",9,6,5,"min",4.00466165297965,0.864329053580943
"engage-policy","Final Energy|Liquids",9,6,5,"max",7.63350877388756,1.02916144324357
"engage-policy","Final Energy|Liquids",9,6,5,"median",8.44396275945082,0.809178264980737
"engage-policy","Final Energy|Liquids",9,6,5,"range",8.03789473493863,1.00871488261541
"engage-policy","Final Energy|Liquids",9,6,5,"mean",5.87485460017986,0.867762668125779
"engage-policy","Final Energy|Liquids",9,6,5,"iqr",7.00682568109665,0.754134159827297
"engage-policy","Final Energy|Liquids",9,7,5,"min",3.12758538109886,0.675029040325396
"engage-policy","Final Energy|Liquids",9,7,5,"max",7.53451424819589,1.01581484838766
"engage-policy","Final Energy|Liquids",9,7,5,"median",7.77019163826506,0.74461131195563
"engage-policy","Final Energy|Liquids",9,7,5,"range",7.74766744896671,0.972292835256612
"engage-policy","Final Energy|Liquids",9,7,5,"mean",4.83579769970693,0.714285714285714
"engage-policy","Final Energy|Liquids",9,7,5,"iqr",5.88807891734646,0.633725120250875
"engage-policy","Final Energy|Liquids",9,8,5,"min",2.2568997250888,0.487108318367342
"engage-policy","Final Energy|Liquids",9,8,5,"max",6.64870924430098,0.896389249591033
"engage-policy","Final Energy|Liquids",9,8,5,"median",5.02158883425389,0.481214881697616
"engage-policy","Final Energy|Liquids",9,8,5,"range",6.74889349952603,0.846951787582756
"engage-policy","Final Energy|Liquids",9,8,5,"mean",3.57612062579947,0.528221409205323
"engage-policy","Final Energy|Liquids",9,8,5,"iqr",5.42416843675439,0.583795129633266
"engage-policy","Final Energy|Solar",6,3,4,"min",0.723993701239713,2589.05458187921
"engage-policy","Final Energy|Solar",6,3,4,"max",6.01703291570028,1.05210688104835
"engage-policy","Final Energy|Solar",6,3,4,"median",6.36921568333552,1.33476248499427
"engage-policy","Final Energy|Solar",6,3,4,"range",5.92137392700051,1.0353889108106
"engage-policy","Final Energy|Solar",6,3,4,"mean",4.45136134898583,1.21395395733377
"engage-policy","Final Energy|Solar",6,3,4,"iqr",4.18704365772327,0.652756280953348
"engage-policy","Final Energy|Solar",6,4,4,"min",0.000279636322195346,1
"engage-policy","Final Energy|Solar",6,4,4,"max",5.71903199578424,1
"engage-policy","Final Energy|Solar",6,4,4,"median",4.77179704624591,1
"engage-policy","Final Energy|Solar",6,4,4,"range",5.71898526744379,1
"engage-policy","Final Energy|Solar",6,4,4,"mean",3.66682881347695,1
"engage-policy","Final Energy|Solar",6,4,4,"iqr",6.41440577424719,1
"engage-policy","Final Energy|Solar",6,5,4,"min",0,0
"engage-policy","Final Energy|Solar",6,5,4,"max",4.14958357823711,0.725574464576516
"engage-policy","Final Energy|Solar",6,5,4,"median",3.23711397462158,0.678384672115988
"engage-policy","Final Energy|Solar",6,5,4,"range",4.14958357823711,0.72558039305666
"engage-policy","Final Energy|Solar",6,5,4,"mean",2.74400342319631,0.748331477354788
"engage-policy","Final Energy|Solar",6,5,4,"iqr",7.89672476188895,1.23109217592579
"engage-policy","Final Energy|Solids",9,3,5,"min",4.71865532140798,1.08013004376457
"engage-policy","Final Energy|Solids",9,3,5,"max",8.05342745639681,0.792245003709748
"engage-policy","Final Energy|Solids",9,3,5,"median",11.1134684037905,1.14627149019099
"engage-policy","Final Energy|Solids",9,3,5,"range",7.98436659686486,0.770022792961074
"engage-policy","Final Energy|Solids",9,3,5,"mean",8.9022418936171,1.22720173418454
"engage-policy","Final Energy|Solids",9,3,5,"iqr",6.91466430601288,0.641407894029098
"engage-policy","Final Energy|Solids",9,4,5,"min",4.67409056457896,1.06992888909966
"engage-policy","Final Energy|Solids",9,4,5,"max",9.3778691726836,0.922535161299673
"engage-policy","Final Energy|Solids",9,4,5,"median",9.44300804356094,0.973975946004956
"engage-policy","Final Energy|Solids",9,4,5,"range",9.50482286944122,0.916657591273586
"engage-policy","Final Energy|Solids",9,4,5,"mean",8.11032834772743,1.11803398874989
"engage-policy","Final Energy|Solids",9,4,5,"iqr",9.02607309342452,0.837263282495402
"engage-policy","Final Energy|Solids",9,5,5,"min",4.36859927066011,1
"engage-policy","Final Energy|Solids",9,5,5,"max",10.1653243866304,1
"engage-policy","Final Energy|Solids",9,5,5,"median",9.69531956337749,1
"engage-policy","Final Energy|Solids",9,5,5,"range",10.3690003333038,1
"engage-policy","Final Energy|Solids",9,5,5,"mean",7.25409820214483,1
"engage-policy","Final Energy|Solids",9,5,5,"iqr",10.7804477780549,1
"engage-policy","Final Energy|Solids",9,6,5,"min",3.56181940279837,0.815322986184577
"engage-policy","Final Energy|Solids",9,6,5,"max",10.5342463709404,1.03629219986281
"engage-policy","Final Energy|Solids",9,6,5,"median",7.73569171007764,0.797878982689542
"engage-policy","Final Energy|Solids",9,6,5,"range",10.6724936781309,1.02926929646751
"engage-policy","Final Energy|Solids",9,6,5,"mean",6.29483561073962,0.867762668125779
"engage-policy","Final Energy|Solids",9,6,5,"iqr",8.60103284460274,0.797836325696166
"engage-policy","Final Energy|Solids",9,7,5,"min",2.24802030659492,0.514586064620946
"engage-policy","Final Energy|Solids",9,7,5,"max",10.4248739236188,1.02553283369193
"engage-policy","Final Energy|Solids",9,7,5,"median",5.10923239989925,0.526979267315598
"engage-policy","Final Energy|Solids",9,7,5,"range",10.4551967219921,1.00831289284576
"engage-policy","Final Energy|Solids",9,7,5,"mean",5.18149871581774,0.714285714285714
"engage-policy","Final Energy|Solids",9,7,5,"iqr",7.3960491589952,0.686061405914035
"engage-policy","Final Energy|Solids",9,8,5,"min",0.0843555555555558,0.0193095201297347
"engage-policy","Final Energy|Solids",9,8,5,"max",9.3425806251268,0.919063698293218
"engage-policy","Final Energy|Solids",9,8,5,"median",3.22812557306312,0.332957109042269
"engage-policy","Final Energy|Solids",9,8,5,"range",9.33241147571242,0.900030010196648
"engage-policy","Final Energy|Solids",9,8,5,"mean",3.83176997485074,0.528221409205323
"engage-policy","Final Energy|Solids",9,8,5,"iqr",7.27107251482351,0.674468506737241
"engage-policy","Primary Energy|Biomass",9,3,5,"min",4.1634088738806,1.57504385016982
"engage-policy","Primary Energy|Biomass",9,3,5,"max",13.1029936504823,0.67035555083218
"engage-policy","Primary Energy|Biomass",9,3,5,"median",11.6025393165961,1.03519811660292
"engage-policy","Primary Energy|Biomass",9,3,5,"range",12.5081796110522,0.649892162786392
"engage-policy","Primary Energy|Biomass",9,3,5,"mean",11.369576455947,1.22720173418454
"engage-policy","Primary Energy|Biomass",9,3,5,"iqr",10.8324012982697,1.13961532232416
"engage-policy","Primary Energy|Biomass",9,4,5,"min",3.50714801474711,1.32677622582719
"engage-policy","Primary Energy|Biomass",9,4,5,"max",16.6530468688254,0.851978006291308
"engage-policy","Primary Energy|Biomass",9,4,5,"median",9.93869343423206,0.886746982179518
"engage-policy","Primary Energy|Biomass",9,4,5,"range",16.236167141825,0.84358860419933
"engage-policy","Primary Energy|Biomass",9,4,5,"mean",10.3581771124908,1.11803398874989
"engage-policy","Primary Energy|Biomass",9,4,5,"iqr",10.5360101176457,1.10843369218137
"engage-policy","Primary Energy|Biomass",9,5,5,"min",2.6433606108374,1
"engage-policy","Primary Energy|Biomass",9,5,5,"max",19.546334231463,1
"engage-policy","Primary Energy|Biomass",9,5,5,"median",11.2080375055847,1
"engage-policy","Primary Energy|Biomass",9,5,5,"range",19.2465463153514,1
"engage-policy","Primary Energy|Biomass",9,5,5,"mean",9.26463525860478,1
"engage-policy","Primary Energy|Biomass",9,5,5,"iqr",9.50531384237435,1
"engage-policy","Primary Energy|Biomass",9,6,5,"min",1.89129461609647,0.715488688279016
"engage-policy","Primary Energy|Biomass",9,6,5,"max",21.3389452226256,1.0917108532953
"engage-policy","Primary Energy|Biomass",9,6,5,"median",9.17418256937852,0.818536034056566
"engage-policy","Primary Energy|Biomass",9,6,5,"range",21.1287421777214,1.09779395386219
"engage-policy","Primary Energy|Biomass",9,6,5,"mean",8.03950461121905,0.867762668125779
"engage-policy","Primary Energy|Biomass",9,6,5,"iqr",7.0602285504743,0.742766484889752
"engage-policy","Primary Energy|Biomass",9,7,5,"min",1.34671403281701,0.509470417050052
"engage-policy","Primary Energy|Biomass",9,7,5,"max",21.3814268463285,1.09388423389955
"engage-policy","Primary Energy|Biomass",9,7,5,"median",9.82209019873225,0.876343444946376
"engage-policy","Primary Energy|Biomass",9,7,5,"range",21.2403636794796,1.10359351394582
"engage-policy","Primary Energy|Biomass",9,7,5,"mean",6.61759661328913,0.714285714285714
"engage-policy","Primary Energy|Biomass",9,7,5,"iqr",5.70776623873566,0.600481618322863
"engage-policy","Primary Energy|Biomass",9,8,5,"min",0.783486217225686,0.296397780164199
"engage-policy","Primary Energy|Biomass",9,8,5,"max",18.7621873098441,0.959882660741743
"engage-policy","Primary Energy|Biomass",9,8,5,"median",6.89258991789057,0.614968491536201
"engage-policy","Primary Energy|Biomass",9,8,5,"range",18.6804321286123,0.970586193623346
"engage-policy","Primary Energy|Biomass",9,8,5,"mean",4.89377869207354,0.528221409205323
"engage-policy","Primary Energy|Biomass",9,8,5,"iqr",3.91712980462372,0.412098944819822
"engage-policy","Primary Energy|Coal",9,3,5,"min",6.30737674667732,1.06661787742012
"engage-policy","Primary Energy|Coal",9,3,5,"max",8.22518605410095,1.10224534208264
"engage-policy","Primary Energy|Coal",9,3,5,"median",15.8084207031235,1.05746414396066
"engage-policy","Primary Energy|Coal",9,3,5,"range",8.61231881630664,1.00260840955063
"engage-policy","Primary Energy|Coal",9,3,5,"mean",11.0890079560893,1.22720173418454
"engage-policy","Primary Energy|Coal",9,3,5,"iqr",7.45848688041227,0.521710336628552
"engage-policy","Primary Energy|Coal",9,4,5,"min",6.1226889423651,1.03538598471217
"engage-policy","Primary Energy|Coal",9,4,5,"max",8.2162091311932,1.10104235756701
"engage-policy","Primary Energy|Coal",9,4,5,"median",13.4726415289424,0.901218129808305
"engage-policy","Primary Energy|Coal",9,4,5,"range",8.98852898999786,1.04640514907532
"engage-policy","Primary Energy|Coal",9,4,5,"mean",10.1025670442554,1.11803398874989
"engage-policy","Primary Energy|Coal",9,4,5,"iqr",11.7493830124579,0.821852295900045
"engage-policy","Primary Energy|Coal",9,5,5,"min",5.91343618009972,1
"engage-policy","Primary Energy|Coal",9,5,5,"max",7.46220985480404,1
"engage-policy","Primary Energy|Coal",9,5,5,"median",14.9493680645418,1
"engage-policy","Primary Energy|Coal",9,5,5,"range",8.58991280570512,1
"engage-policy","Primary Energy|Coal",9,5,5,"mean",9.0360106632817,1
"engage-policy","Primary Energy|Coal",9,5,5,"iqr",14.2962221692046,1
"engage-policy","Primary Energy|Coal",9,6,5,"min",5.44745300230748,0.92119925478178
"engage-policy","Primary Energy|Coal",9,6,5,"max",6.43593431912249,0.862470292895762
"engage-policy","Primary Energy|Coal",9,6,5,"median",12.0802196792425,0.80807560741617
"engage-policy","Primary Energy|Coal",9,6,5,"range",7.73680648021358,0.900685100677047
"engage-policy","Primary Energy|Coal",9,6,5,"mean",7.84111272238231,0.867762668125779
"engage-policy","Primary Energy|Coal",9,6,5,"iqr",10.9544993829902,0.76625133922354
"engage-policy","Primary Energy|Coal",9,7,5,"min",4.74530159381826,0.802460946443872
"engage-policy","Primary Energy|Coal",9,7,5,"max",5.62308551038055,0.7535415942183
"engage-policy","Primary Energy|Coal",9,7,5,"median",8.5004003508594,0.568612687450072
"engage-policy","Primary Energy|Coal",9,7,5,"range",6.840804527496,0.796376480440241
"engage-policy","Primary Energy|Coal",9,7,5,"mean",6.4542933309155,0.714285714285714
"engage-policy","Primary Energy|Coal",9,7,5,"iqr",9.6405901550387,0.674345294927318
"engage-policy","Primary Energy|Coal",9,8,5,"min",3.88327023764468,0.656685913126603
"engage-policy","Primary Energy|Coal",9,8,5,"max",4.89763286937088,0.656324730162589
"engage-policy","Primary Energy|Coal",9,8,5,"median",5.65849635253016,0.378510738922233
"engage-policy","Primary Energy|Coal",9,8,5,"range",5.85763497263055,0.681920190009392
"engage-policy","Primary Energy|Coal",9,8,5,"mean",4.77301428615298,0.528221409205323
"engage-policy","Primary Energy|Coal",9,8,5,"iqr",9.7974897677658,0.68532019521007
"engage-policy","Primary Energy|Gas",9,3,5,"min",7.84188109467573,0.991737476732317
"engage-policy","Primary Energy|Gas",9,3,5,"max",3.92904960406244,1.31341210524787
"engage-policy","Primary Energy|Gas",9,3,5,"median",12.9097016276995,1.06475679381504
"engage-policy","Primary Energy|Gas",9,3,5,"range",7.6365258587337,0.956861190409059
"engage-policy","Primary Energy|Gas",9,3,5,"mean",8.95830757343936,1.22720173418454
"engage-policy","Primary Energy|Gas",9,3,5,"iqr",6.61342539032016,0.495038768026005
"engage-policy","Primary Energy|Gas",9,4,5,"min",8.27963733404451,1.04709910017624
"engage-policy","Primary Energy|Gas",9,4,5,"max",3.35801489585095,1.12252525629941
"engage-policy","Primary Energy|Gas",9,4,5,"median",10.8955838367239,0.898637880819905
"engage-policy","Primary Energy|Gas",9,4,5,"range",8.21043214923763,1.02877198682007
"engage-policy","Primary Energy|Gas",9,4,5,"mean",8.16140661293646,1.11803398874989
"engage-policy","Primary Energy|Gas",9,4,5,"iqr",10.6223280413504,0.79511960547023
"engage-policy","Primary Energy|Gas",9,5,5,"min",7.90721463961813,1
"engage-policy","Primary Energy|Gas",9,5,5,"max",2.9914827100828,1
"engage-policy","Primary Energy|Gas",9,5,5,"median",12.1245543608544,1
"engage-policy","Primary Energy|Gas",9,5,5,"range",7.98080843415655,1
"engage-policy","Primary Energy|Gas",9,5,5,"mean",7.2997839914169,1
"engage-policy","Primary Energy|Gas",9,5,5,"iqr",13.3594090351581,1
"engage-policy","Primary Energy|Gas",9,6,5,"min",7.19562535385145,0.910007592028507
"engage-policy","Primary Energy|Gas",9,6,5,"max",2.36002317291051,0.788914194608597
"engage-policy","Primary Energy|Gas",9,6,5,"median",9.57651784109462,0.78984493417866
"engage-policy","Primary Energy|Gas",9,6,5,"range",7.2850251080214,0.91281793920058
"engage-policy","Primary Energy|Gas",9,6,5,"mean",6.33448003313378,0.867762668125779
"engage-policy","Primary Energy|Gas",9,6,5,"iqr",10.4062563384202,0.778945858385948
"engage-policy","Primary Energy|Gas",9,7,5,"min",6.58039792386775,0.83220175798662
"engage-policy","Primary Energy|Gas",9,7,5,"max",1.44955175298707,0.484559629277265
"engage-policy","Primary Energy|Gas",9,7,5,"median",5.08826898832871,0.419666474897982
"engage-policy","Primary Energy|Gas",9,7,5,"range",6.60244421345975,0.827290150857696
"engage-policy","Primary Energy|Gas",9,7,5,"mean",5.21413142244064,0.714285714285714
"engage-policy","Primary Energy|Gas",9,7,5,"iqr",9.45518592433316,0.707754804082263
"engage-policy","Primary Energy|Gas",9,8,5,"min",5.93785600368986,0.750941548233554
"engage-policy","Primary Energy|Gas",9,8,5,"max",0.0630397974853504,0.0210730943798788
"engage-policy","Primary Energy|Gas",9,8,5,"median",3.42199895982055,0.282237091605519
"engage-policy","Primary Energy|Gas",9,8,5,"range",5.93030586282279,0.74307081942251
"engage-policy","Primary Energy|Gas",9,8,5,"mean",3.85590218684069,0.528221409205323
"engage-policy","Primary Energy|Gas",9,8,5,"iqr",10.9279923891312,0.817999685492966
"engage-policy","Primary Energy|Geothermal",8,3,4,"min",0.306016188653408,1.0673782669346
"engage-policy","Primary Energy|Geothermal",8,3,4,"max",3.33577105465349,0.749527488436726
"engage-policy","Primary Energy|Geothermal",8,3,4,"median",0.842986032846563,1.19821720871353
"engage-policy","Primary Energy|Geothermal",8,3,4,"range",3.26448211624904,0.742245603239404
"engage-policy","Primary Energy|Geothermal",8,3,4,"mean",2.03475035803208,1.12006493318265
"engage-policy","Primary Energy|Geothermal",8,3,4,"iqr",2.66543848641705,1.43637527319955
"engage-policy","Primary Energy|Geothermal",8,4,4,"min",0.286698912778366,1
"engage-policy","Primary Energy|Geothermal",8,4,4,"max",4.45049862228647,1
"engage-policy","Primary Energy|Geothermal",8,4,4,"median",0.703533571973683,1
"engage-policy","Primary Energy|Geothermal",8,4,4,"range",4.39811580156455,1
"engage-policy","Primary Energy|Geothermal",8,4,4,"mean",1.81663606970567,1
"engage-policy","Primary Energy|Geothermal",8,4,4,"iqr",1.85566998830308,1
"engage-policy","Primary Energy|Geothermal",8,5,4,"min",0.25872383319168,0.902423489103663
"engage-policy","Primary Energy|Geothermal",8,5,4,"max",5.27363167131308,1.18495299490818
"engage-policy","Primary Energy|Geothermal",8,5,4,"median",0.638289302805796,0.907262038704349
"engage-policy","Primary Energy|Geothermal",8,5,4,"range",5.2340048320597,1.19005616682439
"engage-policy","Primary Energy|Geothermal",8,5,4,"mean",1.57611085006956,0.867598566577465
"engage-policy","Primary Energy|Geothermal",8,5,4,"iqr",0.845711952823127,0.455744802768777
"engage-policy","Primary Energy|Geothermal",8,6,4,"min",0.228650168700636,0.797527156572772
"engage-policy","Primary Energy|Geothermal",8,6,4,"max",5.60436545212678,1.25926686597816
"engage-policy","Primary Energy|Geothermal",8,6,4,"median",0.493465961343703,0.701410680316706
"engage-policy","Primary Energy|Geothermal",8,6,4,"range",5.57400739435656,1.26736258112479
"engage-policy","Primary Energy|Geothermal",8,6,4,"mean",1.29875010019788,0.71492035298424
"engage-policy","Primary Energy|Geothermal",8,6,4,"iqr",0.68827204472852,0.370902180380634
"engage-policy","Primary Energy|Geothermal",8,7,4,"min",0.202549874090031,0.706489857694763
"engage-policy","Primary Energy|Geothermal",8,7,4,"max",5.15947188534969,1.1593019846165
"engage-policy","Primary Energy|Geothermal",8,7,4,"median",0.22568594571261,0.32078916302384
"engage-policy","Primary Energy|Geothermal",8,7,4,"range",5.13445135960374,1.16742068450704
"engage-policy","Primary Energy|Geothermal",8,7,4,"mean",0.96407192566196,0.530690732028763
"engage-policy","Primary Energy|Geothermal",8,7,4,"iqr",0.506620204130379,0.273012015780704
"engage-policy","Primary Energy|Hydro",9,3,5,"min",1.82834626237581,0.673694209583489
"engage-policy","Primary Energy|Hydro",9,3,5,"max",1.83840603028868,0.599081899787137
"engage-policy","Primary Energy|Hydro",9,3,5,"median",1.24399996886962,1.12940547926858
"engage-policy","Primary Energy|Hydro",9,3,5,"range",2.30373007632892,0.609394455813018
"engage-policy","Primary Energy|Hydro",9,3,5,"mean",1.9113579447217,1.22720173418454
"engage-policy","Primary Energy|Hydro",9,3,5,"iqr",1.99508876956311,1.36494761692357
"engage-policy","Primary Energy|Hydro",9,4,5,"min",2.33599786062851,0.86074955531665
"engage-policy","Primary Energy|Hydro",9,4,5,"max",2.49390617902553,0.812689921054539
"engage-policy","Primary Energy|Hydro",9,4,5,"median",1.04596054548884,0.94960900380671
"engage-policy","Primary Energy|Hydro",9,4,5,"range",3.11374256327797,0.823663099417594
"engage-policy","Primary Energy|Hydro",9,4,5,"mean",1.74132996013568,1.11803398874989
"engage-policy","Primary Energy|Hydro",9,4,5,"iqr",1.67116171986395,1.14333168619946
"engage-policy","Primary Energy|Hydro",9,5,5,"min",2.71391120239283,1
"engage-policy","Primary Energy|Hydro",9,5,5,"max",3.06870568271533,1
"engage-policy","Primary Energy|Hydro",9,5,5,"median",1.10146443567393,1
"engage-policy","Primary Energy|Hydro",9,5,5,"range",3.78035942787733,1
"engage-policy","Primary Energy|Hydro",9,5,5,"mean",1.55749286484816,1
"engage-policy","Primary Energy|Hydro",9,5,5,"iqr",1.46165958665858,1
"engage-policy","Primary Energy|Hydro",9,6,5,"min",2.93342729665402,1.08088551094363
"engage-policy","Primary Energy|Hydro",9,6,5,"max",3.46266857738754,1.12838080135584
"engage-policy","Primary Energy|Hydro",9,6,5,"median",0.861159220154964,0.781831162463326
"engage-policy","Primary Energy|Hydro",9,6,5,"range",4.22258578145747,1.1169799755862
"engage-policy","Primary Energy|Hydro",9,6,5,"mean",1.3515341639875,0.867762668125779
"engage-policy","Primary Energy|Hydro",9,6,5,"iqr",1.19836452442478,0.819865675539612
"engage-policy","Primary Energy|Hydro",9,7,5,"min",2.93978400469654,1.08322777919357
"engage-policy","Primary Energy|Hydro",9,7,5,"max",3.56414179949997,1.16144790931734
"engage-policy","Primary Energy|Hydro",9,7,5,"median",0.382431931247024,0.347203158686673
"engage-policy","Primary Energy|Hydro",9,7,5,"range",4.31997546031173,1.14274199126547
"engage-policy","Primary Energy|Hydro",9,7,5,"mean",1.11249490346297,0.714285714285714
"engage-policy","Primary Energy|Hydro",9,7,5,"iqr",1.09189126892668,0.747021590316248
"engage-policy","Primary Energy|Hydro",9,8,5,"min",2.61325417129844,0.96291071314137
"engage-policy","Primary Energy|Hydro",9,8,5,"max",3.20446739491406,1.04424070804946
"engage-policy","Primary Energy|Hydro",9,8,5,"median",0.255278207720092,0.231762551247421
"engage-policy","Primary Energy|Hydro",9,8,5,"range",3.87352380943228,1.02464431843912
"engage-policy","Primary Energy|Hydro",9,8,5,"mean",0.822701075897328,0.528221409205323
"engage-policy","Primary Energy|Hydro",9,8,5,"iqr",1.16655768218204,0.798104902694096
"engage-policy","Primary Energy|Nuclear",9,3,5,"min",1.29866934958711,0.964539579591397
"engage-policy","Primary Energy|Nuclear",9,3,5,"max",1.26400269374772,0.846778010324086
"engage-policy","Primary Energy|Nuclear",9,3,5,"median",2.31389697606462,1.25110396442891
"engage-policy","Primary Energy|Nuclear",9,3,5,"range",1.50605012244604,0.821786547353471
"engage-policy","Primary Energy|Nuclear",9,3,5,"mean",1.79759428861597,1.22720173418454
"engage-policy","Primary Energy|Nuclear",9,3,5,"iqr",1.30427766541094,0.558720633604974
"engage-policy","Primary Energy|Nuclear",9,4,5,"min",1.38459446098785,1.02835734109717
"engage-policy","Primary Energy|Nuclear",9,4,5,"max",1.4124361482912,0.946216236148743
"engage-policy","Primary Energy|Nuclear",9,4,5,"median",1.96936851109051,1.0648204207593
"engage-policy","Primary Energy|Nuclear",9,4,5,"range",1.74397661663233,0.951612765795459
"engage-policy","Primary Energy|Nuclear",9,4,5,"mean",1.6376863368685,1.11803398874989
"engage-policy","Primary Energy|Nuclear",9,4,5,"iqr",1.79419703972878,0.768590104265562
"engage-policy","Primary Energy|Nuclear",9,5,5,"min",1.34641374710332,1
"engage-policy","Primary Energy|Nuclear",9,5,5,"max",1.49272026237898,1
"engage-policy","Primary Energy|Nuclear",9,5,5,"median",1.84948416906411,1
"engage-policy","Primary Energy|Nuclear",9,5,5,"range",1.83265365841801,1
"engage-policy","Primary Energy|Nuclear",9,5,5,"mean",1.46479119002423,1
"engage-policy","Primary Energy|Nuclear",9,5,5,"iqr",2.33440039075608,1
"engage-policy","Primary Energy|Nuclear",9,6,5,"min",1.16472839706378,0.86505979277884
"engage-policy","Primary Energy|Nuclear",9,6,5,"max",1.51629296501196,1.01579177507473
"engage-policy","Primary Energy|Nuclear",9,6,5,"median",1.50249219131555,0.812384456405402
"engage-policy","Primary Energy|Nuclear",9,6,5,"range",1.78706841635053,0.975126100963983
"engage-policy","Primary Energy|Nuclear",9,6,5,"mean",1.27109111130256,0.867762668125779
"engage-policy","Primary Energy|Nuclear",9,6,5,"iqr",1.9710145202961,0.844334385866734
"engage-policy","Primary Energy|Nuclear",9,7,5,"min",0.814148475687504,0.604679265522256
"engage-policy","Primary Energy|Nuclear",9,7,5,"max",1.45430469426577,0.974264723886049
"engage-policy","Primary Energy|Nuclear",9,7,5,"median",1.54591717136087,0.835863965325609
"engage-policy","Primary Energy|Nuclear",9,7,5,"range",1.59671920717638,0.871260753411918
"engage-policy","Primary Energy|Nuclear",9,7,5,"mean",1.04627942144588,0.714285714285714
"engage-policy","Primary Energy|Nuclear",9,7,5,"iqr",1.50778936983173,0.645900067444463
"engage-policy","Primary Energy|Nuclear",9,8,5,"min",0.0491472023703702,0.0365023028590622
"engage-policy","Primary Energy|Nuclear",9,8,5,"max",1.25792648835359,0.842707451661978
"engage-policy","Primary Energy|Nuclear",9,8,5,"median",1.07469762397246,0.581079655586497
"engage-policy","Primary Energy|Nuclear",9,8,5,"range",1.25273245574619,0.683562030387991
"engage-policy","Primary Energy|Nuclear",9,8,5,"mean",0.773734066586141,0.528221409205323
"engage-policy","Primary Energy|Nuclear",9,8,5,"iqr",1.04505201094679,0.447674706997593
"engage-policy","Primary Energy|Oil",9,3,5,"min",9.41941266379214,0.716808028769439
"engage-policy","Primary Energy|Oil",9,3,5,"max",5.45964377439198,0.74426473788844
"engage-policy","Primary Energy|Oil",9,3,5,"median",9.58853875348989,1.02698483834691
"engage-policy","Primary Energy|Oil",9,3,5,"range",9.44268646956102,0.675781372703729
"engage-policy","Primary Energy|Oil",9,3,5,"mean",9.40815854206604,1.22720173418454
"engage-policy","Primary Energy|Oil",9,3,5,"iqr",8.17760636261144,0.965742783861353
"engage-policy","Primary Energy|Oil",9,4,5,"min",11.5379132260223,0.878023835546485
"engage-policy","Primary Energy|Oil",9,4,5,"max",6.39623668260072,0.871942129333962
"engage-policy","Primary Energy|Oil",9,4,5,"median",8.19298027494998,0.877512907812624
"engage-policy","Primary Energy|Oil",9,4,5,"range",11.9965680503799,0.858554104380457
"engage-policy","Primary Energy|Oil",9,4,5,"mean",8.57124034995517,1.1180339887499
"engage-policy","Primary Energy|Oil",9,4,5,"iqr",8.66358879405036,1.02313537595179
"engage-policy","Primary Energy|Oil",9,5,5,"min",13.1407744971309,1
"engage-policy","Primary Energy|Oil",9,5,5,"max",7.33562064203334,1
"engage-policy","Primary Energy|Oil",9,5,5,"median",9.33659231904933,1
"engage-policy","Primary Energy|Oil",9,5,5,"range",13.9729901577219,1
"engage-policy","Primary Energy|Oil",9,5,5,"mean",7.66635042959554,1
"engage-policy","Primary Energy|Oil",9,5,5,"iqr",8.4676857018954,1
"engage-policy","Primary Energy|Oil",9,6,5,"min",14.0794722202342,1.07143397242744
"engage-policy","Primary Energy|Oil",9,6,5,"max",8.03189017486634,1.09491624046687
"engage-policy","Primary Energy|Oil",9,6,5,"median",7.63317525772859,0.817554734842038
"engage-policy","Primary Energy|Oil",9,6,5,"range",15.1990683032915,1.08774629708674
"engage-policy","Primary Energy|Oil",9,6,5,"mean",6.65257270357304,0.867762668125779
"engage-policy","Primary Energy|Oil",9,6,5,"iqr",6.4423841914522,0.760819947534206
"engage-policy","Primary Energy|Oil",9,7,5,"min",14.0107137153334,1.06620151790843
"engage-policy","Primary Energy|Oil",9,7,5,"max",8.1738823760311,1.11427277593862
"engage-policy","Primary Energy|Oil",9,7,5,"median",7.17962224944253,0.768976731991825
"engage-policy","Primary Energy|Oil",9,7,5,"range",15.2801170352335,1.09354668276133
"engage-policy","Primary Energy|Oil",9,7,5,"mean",5.47596459256824,0.714285714285714
"engage-policy","Primary Energy|Oil",9,7,5,"iqr",5.46773383478035,0.64571761721818
"engage-policy","Primary Energy|Oil",9,8,5,"min",12.2945902434076,0.935606211497805
"engage-policy","Primary Energy|Oil",9,8,5,"max",7.3559757453059,1.00277483041529
"engage-policy","Primary Energy|Oil",9,8,5,"median",4.93540221393097,0.528608516392146
"engage-policy","Primary Energy|Oil",9,8,5,"range",13.5150897707554,0.967229606419393
"engage-policy","Primary Energy|Oil",9,8,5,"mean",4.04953042738279,0.528221409205323
"engage-policy","Primary Energy|Oil",9,8,5,"iqr",4.26444241563024,0.503613686874997
"engage-policy","Primary Energy|Solar",9,3,5,"min",6.68132873869571,0.800265226471274
"engage-policy","Primary Energy|Solar",9,3,5,"max",8.3478349473923,0.852474505501123
"engage-policy","Primary Energy|Solar",9,3,5,"median",10.9375172006309,1.97245929895058
"engage-policy","Primary Energy|Solar",9,3,5,"range",9.03706014306471,0.778828285819266
"engage-policy","Primary Energy|Solar",9,3,5,"mean",9.6765330317776,1.22720173418454
"engage-policy","Primary Energy|Solar",9,3,5,"iqr",7.82632365942187,0.545300923438714
"engage-policy","Primary Energy|Solar",9,4,5,"min",7.8568244618197,0.941061823656144
"engage-policy","Primary Energy|Solar",9,4,5,"max",9.63835584594387,0.984261510367012
"engage-policy","Primary Energy|Solar",9,4,5,"median",9.18275102516259,1.65600678081541
"engage-policy","Primary Energy|Solar",9,4,5,"range",10.9356282766373,0.9424499217908
"engage-policy","Primary Energy|Solar",9,4,5,"mean",8.81574114624057,1.11803398874989
"engage-policy","Primary Energy|Solar",9,4,5,"iqr",10.2962272131719,0.7173920286977
"engage-policy","Primary Energy|Solar",9,5,5,"min",8.34889298908646,1
"engage-policy","Primary Energy|Solar",9,5,5,"max",9.79247460601189,1
"engage-policy","Primary Energy|Solar",9,5,5,"median",5.54511680238475,1
"engage-policy","Primary Energy|Solar",9,5,5,"range",11.6034051505441,1
"engage-policy","Primary Energy|Solar",9,5,5,"mean",7.88503859001433,1
"engage-policy","Primary Energy|Solar",9,5,5,"iqr",14.3523022298741,1
"engage-policy","Primary Energy|Solar",9,6,5,"min",8.11187551743043,0.971610910336752
"engage-policy","Primary Energy|Solar",9,6,5,"max",8.6833159477201,0.886733568079835
"engage-policy","Primary Energy|Solar",9,6,5,"median",4.4363270042231,0.800042120359882
"engage-policy","Primary Energy|Solar",9,6,5,"range",10.9206407958634,0.94115827674528
"engage-policy","Primary Energy|Solar",9,6,5,"mean",6.84234212514556,0.867762668125779
"engage-policy","Primary Energy|Solar",9,6,5,"iqr",12.7095678222495,0.885542097615161
"engage-policy","Primary Energy|Solar",9,7,5,"min",7.18363332644994,0.860429440866025
"engage-policy","Primary Energy|Solar",9,7,5,"max",6.34006139836955,0.647442209804373
"engage-policy","Primary Energy|Solar",9,7,5,"median",2.26757704608319,0.40893224198776
"engage-policy","Primary Energy|Solar",9,7,5,"range",8.94578665874514,0.770962191070752
"engage-policy","Primary Energy|Solar",9,7,5,"mean",5.6321704214388,0.714285714285714
"engage-policy","Primary Energy|Solar",9,7,5,"iqr",9.91046874595868,0.690514217665384
"engage-policy","Primary Energy|Solar",9,8,5,"min",5.54971438015723,0.66472457934384
"engage-policy","Primary Energy|Solar",9,8,5,"max",2.80451574388936,0.286394997865768
"engage-policy","Primary Energy|Solar",9,8,5,"median",1.47981697906338,0.266868495615271
"engage-policy","Primary Energy|Solar",9,8,5,"range",5.89691215134982,0.508205313426749
"engage-policy","Primary Energy|Solar",9,8,5,"mean",4.16504619565572,0.528221409205323
"engage-policy","Primary Energy|Solar",9,8,5,"iqr",6.84307967963718,0.476793170185157
"engage-policy","Primary Energy|Wind",9,3,5,"min",6.62064163060639,0.621266940873102
"engage-policy","Primary Energy|Wind",9,3,5,"max",7.52659397193178,0.93545608526039
"engage-policy","Primary Energy|Wind",9,3,5,"median",9.82836402441034,1.10569909243206
"engage-policy","Primary Energy|Wind",9,3,5,"range",8.65126884556159,0.708616457849457
"engage-policy","Primary Energy|Wind",9,3,5,"mean",8.76536115724807,1.22720173418454
"engage-policy","Primary Energy|Wind",9,3,5,"iqr",7.49221859522521,0.604980594938793
"engage-policy","Primary Energy|Wind",9,4,5,"min",8.66834955034151,0.813419500409683
"engage-policy","Primary Energy|Wind",9,4,5,"max",8.22867053328764,1.02271491629183
"engage-policy","Primary Energy|Wind",9,4,5,"median",8.24898082085137,0.928017174013051
"engage-policy","Primary Energy|Wind",9,4,5,"range",10.6910105698896,0.875689586823205
"engage-policy","Primary Energy|Wind",9,4,5,"mean",7.985624062032,1.11803398874989
"engage-policy","Primary Energy|Wind",9,4,5,"iqr",9.58683601207595,0.774116462360375
"engage-policy","Primary Energy|Wind",9,5,5,"min",10.6566778224221,1
"engage-policy","Primary Energy|Wind",9,5,5,"max",8.04590839754568,1
"engage-policy","Primary Energy|Wind",9,5,5,"median",8.8888234526739,1
"engage-policy","Primary Energy|Wind",9,5,5,"range",12.2086761459321,1
"engage-policy","Primary Energy|Wind",9,5,5,"mean",7.14255929818462,1
"engage-policy","Primary Energy|Wind",9,5,5,"iqr",12.3842296065433,1
"engage-policy","Primary Energy|Wind",9,6,5,"min",12.0801432224071,1.13357496808151
"engage-policy","Primary Energy|Wind",9,6,5,"max",7.31123611923162,0.908689952456063
"engage-policy","Primary Energy|Wind",9,6,5,"median",7.01138940696742,0.788787114998699
"engage-policy","Primary Energy|Wind",9,6,5,"range",13.1468747067121,1.07684687099285
"engage-policy","Primary Energy|Wind",9,6,5,"mean",6.19804631383928,0.867762668125779
"engage-policy","Primary Energy|Wind",9,6,5,"iqr",10.2824358567898,0.830284659076167
"engage-policy","Primary Energy|Wind",9,7,5,"min",12.4725587741941,1.17039840952603
"engage-policy","Primary Energy|Wind",9,7,5,"max",6.27184017773534,0.779506783801876
"engage-policy","Primary Energy|Wind",9,7,5,"median",6.10589283536047,0.686918000775875
"engage-policy","Primary Energy|Wind",9,7,5,"range",13.1796456877796,1.07953110806129
"engage-policy","Primary Energy|Wind",9,7,5,"mean",5.10182807013187,0.714285714285714
"engage-policy","Primary Energy|Wind",9,7,5,"iqr",9.3090001442577,0.751681811466026
"engage-policy","Primary Energy|Wind",9,8,5,"min",11.2335041327407,1.05412815512776
"engage-policy","Primary Energy|Wind",9,8,5,"max",4.89767663146667,0.608716429453839
"engage-policy","Primary Energy|Wind",9,8,5,"median",3.82493094565419,0.430307899129618
"engage-policy","Primary Energy|Wind",9,8,5,"range",11.6800827829522,0.956703465907228
"engage-policy","Primary Energy|Wind",9,8,5,"mean",3.77285273781966,0.528221409205323
"engage-policy","Primary Energy|Wind",9,8,5,"iqr",7.74048213609557,0.625027343808758
"ecemf-policy","Final Energy|Residential and Commercial|Electricity",11,3,5,"min",0.326002865277175,0.757611916180255
"ecemf-policy","Final Energy|Residential and Commercial|Electricity",11,3,5,"max",0.548557358572802,0.909257569704295
"ecemf-policy","Final Energy|Residential and Commercial|Electricity",11,3,5,"median",0.883132524160516,1.16625430549623
"ecemf-policy","Final Energy|Residential and Commercial|Electricity",11,3,5,"range",0.548677140504206,0.811712199536335
"ecemf-policy","Final Energy|Residential and Commercial|Electricity",11,3,5,"mean",0.679023708966577,1.15696145751255
"ecemf-policy","Final Energy|Residential and Commercial|Electricity",11,3,5,"iqr",0.52531836772496,0.480462956441536
"ecemf-policy","Final Energy|Residential and Commercial|Electricity",11,4,5,"min",0.374699184616512,0.87077936265111
"ecemf-policy","Final Energy|Residential and Commercial|Electricity",11,4,5,"max",0.6082273454718,1.00816315619251
"ecemf-policy","Final Energy|Residential and Commercial|Electricity",11,4,5,"median",0.763980128715882,1.00890306953129
"ecemf-policy","Final Energy|Residential and Commercial|Electricity",11,4,5,"range",0.639785063380966,0.946497134089143
"ecemf-policy","Final Energy|Residential and Commercial|Electricity",11,4,5,"mean",0.634202482782766,1.08059235509632
"ecemf-policy","Final Energy|Residential and Commercial|Electricity",11,4,5,"iqr",0.790555298245542,0.723052075012237
"ecemf-policy","Final Energy|Residential and Commercial|Electricity",11,5,5,"min",0.430303244068314,1
"ecemf-policy","Final Energy|Residential and Commercial|Electricity",11,5,5,"max",0.60330249299019,1
"ecemf-policy","Final Energy|Residential and Commercial|Electricity",11,5,5,"median",0.757238382742565,1
"ecemf-policy","Final Energy|Residential and Commercial|Electricity",11,5,5,"range",0.675950343998304,1
"ecemf-policy","Final Energy|Residential and Commercial|Electricity",11,5,5,"mean",0.586902618542251,1
"ecemf-policy","Final Energy|Residential and Commercial|Electricity",11,5,5,"iqr",1.09335872970445,1
"ecemf-policy","Final Energy|Residential and Commercial|Electricity",11,6,5,"min",0.475524620516719,1.10509187897553
"ecemf-policy","Final Energy|Residential and Commercial|Electricity",11,6,5,"max",0.544505389223175,0.902541255091464
"ecemf-policy","Final Energy|Residential and Commercial|Electricity",11,6,5,"median",0.634829553425591,0.838348356202397
"ecemf-policy","Final Energy|Residential and Commercial|Electricity",11,6,5,"range",0.667713600951782,0.987814573778006
"ecemf-policy","Final Energy|Residential and Commercial|Electricity",11,6,5,"mean",0.535766338724068,0.912870929175278
"ecemf-policy","Final Energy|Residential and Commercial|Electricity",11,6,5,"iqr",0.975588856499122,0.892286154575124
"ecemf-policy","Final Energy|Residential and Commercial|Electricity",11,7,5,"min",0.501598923821658,1.16568706077899
"ecemf-policy","Final Energy|Residential and Commercial|Electricity",11,7,5,"max",0.443515152487866,0.735145565684043
"ecemf-policy","Final Energy|Residential and Commercial|Electricity",11,7,5,"median",0.534811806440987,0.706266109364407
"ecemf-policy","Final Energy|Residential and Commercial|Electricity",11,7,5,"range",0.626111658301736,0.926268717607616
"ecemf-policy","Final Energy|Residential and Commercial|Electricity",11,7,5,"mean",0.479412014372264,0.816851040063559
"ecemf-policy","Final Energy|Residential and Commercial|Electricity",11,7,5,"iqr",0.896787582609959,0.820213492832656
"ecemf-policy","Final Energy|Residential and Commercial|Electricity",11,8,5,"min",0.499550119910819,1.16092575828109
"ecemf-policy","Final Energy|Residential and Commercial|Electricity",11,8,5,"max",0.315046893728929,0.522203865207718
"ecemf-policy","Final Energy|Residential and Commercial|Electricity",11,8,5,"median",0.432074779066183,0.570592813192188
"ecemf-policy","Final Energy|Residential and Commercial|Electricity",11,8,5,"range",0.56018861725218,0.828742262247573
"ecemf-policy","Final Energy|Residential and Commercial|Electricity",11,8,5,"mean",0.415815402555055,0.708491305743118
"ecemf-policy","Final Energy|Residential and Commercial|Electricity",11,8,5,"iqr",0.95973825467301,0.877788989650674
"ecemf-policy","Final Energy|Residential and Commercial|Electricity",11,9,5,"min",0.460395749150821,1.06993325171801
"ecemf-policy","Final Energy|Residential and Commercial|Electricity",11,9,5,"max",0.183314884508916,0.303852357049512
"ecemf-policy","Final Energy|Residential and Commercial|Electricity",11,9,5,"median",0.502861226544571,0.664072553643291
"ecemf-policy","Final Energy|Residential and Commercial|Electricity",11,9,5,"range",0.477149137018162,0.705893770533178
"ecemf-policy","Final Energy|Residential and Commercial|Electricity",11,9,5,"mean",0.341601177923271,0.582040643764277
"ecemf-policy","Final Energy|Residential and Commercial|Electricity",11,9,5,"iqr",1.16960464342835,1.06973549636771
"ecemf-policy","Final Energy|Residential and Commercial|Electricity",11,10,5,"min",0.371526434162223,0.86340607300474
"ecemf-policy","Final Energy|Residential and Commercial|Electricity",11,10,5,"max",0.103936278777741,0.172278881631326
"ecemf-policy","Final Energy|Residential and Commercial|Electricity",11,10,5,"median",0.341860847418254,0.451457368259785
"ecemf-policy","Final Energy|Residential and Commercial|Electricity",11,10,5,"range",0.375648274747248,0.555733535876698
"ecemf-policy","Final Energy|Residential and Commercial|Electricity",11,10,5,"mean",0.251024574433711,0.427710776035054
"ecemf-policy","Final Energy|Residential and Commercial|Electricity",11,10,5,"iqr",0.859746069733751,0.786334847270261
"ecemf-policy","Final Energy|Residential and Commercial|Gases",11,3,5,"min",0.0958095753493746,1.07211457304468
"ecemf-policy","Final Energy|Residential and Commercial|Gases",11,3,5,"max",0.218249950772674,0.782771889123158
"ecemf-policy","Final Energy|Residential and Commercial|Gases",11,3,5,"median",0.302058607053232,1.28625476738577
"ecemf-policy","Final Energy|Residential and Commercial|Gases",11,3,5,"range",0.209195227106237,0.756943713006808
"ecemf-policy","Final Energy|Residential and Commercial|Gases",11,3,5,"mean",0.244419124789616,1.15696145751255
"ecemf-policy","Final Energy|Residential and Commercial|Gases",11,3,5,"iqr",0.200289181244755,0.542695809730409
"ecemf-policy","Final Energy|Residential and Commercial|Gases",11,4,5,"min",0.0953532133419603,1.0670078563418
"ecemf-policy","Final Energy|Residential and Commercial|Gases",11,4,5,"max",0.258556611886449,0.927335134853919
"ecemf-policy","Final Energy|Residential and Commercial|Gases",11,4,5,"median",0.261750143686912,1.11460942452757
"ecemf-policy","Final Energy|Residential and Commercial|Gases",11,4,5,"range",0.253629687077416,0.917723600680612
"ecemf-policy","Final Energy|Residential and Commercial|Gases",11,4,5,"mean",0.228285424697586,1.08059235509632
"ecemf-policy","Final Energy|Residential and Commercial|Gases",11,4,5,"iqr",0.274309074587878,0.7432572464708
"ecemf-policy","Final Energy|Residential and Commercial|Gases",11,5,5,"min",0.0893650527268618,1
"ecemf-policy","Final Energy|Residential and Commercial|Gases",11,5,5,"max",0.27881679682845,1
"ecemf-policy","Final Energy|Residential and Commercial|Gases",11,5,5,"median",0.234835753158876,1
"ecemf-policy","Final Energy|Residential and Commercial|Gases",11,5,5,"range",0.27636827350775,1
"ecemf-policy","Final Energy|Residential and Commercial|Gases",11,5,5,"mean",0.211259522261971,1
"ecemf-policy","Final Energy|Residential and Commercial|Gases",11,5,5,"iqr",0.369063437847901,1
"ecemf-policy","Final Energy|Residential and Commercial|Gases",11,6,5,"min",0.0807896706248933,0.904040988727679
"ecemf-policy","Final Energy|Residential and Commercial|Gases",11,6,5,"max",0.276651054181379,0.992232381005352
"ecemf-policy","Final Energy|Residential and Commercial|Gases",11,6,5,"median",0.198932073698949,0.847111528048981
"ecemf-policy","Final Energy|Residential and Commercial|Gases",11,6,5,"range",0.27582544703175,0.998035858207927
"ecemf-policy","Final Energy|Residential and Commercial|Gases",11,6,5,"mean",0.192852676384411,0.912870929175277
"ecemf-policy","Final Energy|Residential and Commercial|Gases",11,6,5,"iqr",0.335551490899256,0.909197326226458
"ecemf-policy","Final Energy|Residential and Commercial|Gases",11,7,5,"min",0.0729738966931286,0.816582035890118
"ecemf-policy","Final Energy|Residential and Commercial|Gases",11,7,5,"max",0.251437387502189,0.90180143507241
"ecemf-policy","Final Energy|Residential and Commercial|Gases",11,7,5,"median",0.190605635969352,0.811655096830164
"ecemf-policy","Final Energy|Residential and Commercial|Gases",11,7,5,"range",0.252260464914306,0.912769261509433
"ecemf-policy","Final Energy|Residential and Commercial|Gases",11,7,5,"mean",0.172567560483021,0.816851040063558
"ecemf-policy","Final Energy|Residential and Commercial|Gases",11,7,5,"iqr",0.289061579191922,0.783230061686713
"ecemf-policy","Final Energy|Residential and Commercial|Gases",11,8,5,"min",0.0655806327902769,0.73385099419926
"ecemf-policy","Final Energy|Residential and Commercial|Gases",11,8,5,"max",0.20517906525198,0.735892053799838
"ecemf-policy","Final Energy|Residential and Commercial|Gases",11,8,5,"median",0.152908990782559,0.651131647228817
"ecemf-policy","Final Energy|Residential and Commercial|Gases",11,8,5,"range",0.208083190316029,0.752919963188878
"ecemf-policy","Final Energy|Residential and Commercial|Gases",11,8,5,"mean",0.149675534778051,0.708491305743118
"ecemf-policy","Final Energy|Residential and Commercial|Gases",11,8,5,"iqr",0.252602213133995,0.684441175227165
"ecemf-policy","Final Energy|Residential and Commercial|Gases",11,9,5,"min",0.0556163255454165,0.622349831934907
"ecemf-policy","Final Energy|Residential and Commercial|Gases",11,9,5,"max",0.141937061223584,0.509069262821043
"ecemf-policy","Final Energy|Residential and Commercial|Gases",11,9,5,"median",0.137048805738595,0.583594294714895
"ecemf-policy","Final Energy|Residential and Commercial|Gases",11,9,5,"range",0.147162341631776,0.532486380451516
"ecemf-policy","Final Energy|Residential and Commercial|Gases",11,9,5,"mean",0.122961628338691,0.582040643764276
"ecemf-policy","Final Energy|Residential and Commercial|Gases",11,9,5,"iqr",0.24527153058538,0.664578241658448
"ecemf-policy","Final Energy|Residential and Commercial|Gases",11,10,5,"min",0.0402839439846346,0.450779614126785
"ecemf-policy","Final Energy|Residential and Commercial|Gases",11,10,5,"max",0.0667977628164939,0.239575820310399
"ecemf-policy","Final Energy|Residential and Commercial|Gases",11,10,5,"median",0.0886143460263922,0.377346059253767
"ecemf-policy","Final Energy|Residential and Commercial|Gases",11,10,5,"range",0.0744752428201885,0.269478264906916
"ecemf-policy","Final Energy|Residential and Commercial|Gases",11,10,5,"mean",0.0903579742114623,0.427710776035054
"ecemf-policy","Final Energy|Residential and Commercial|Gases",11,10,5,"iqr",0.176181608617533,0.477374864453903
"ecemf-policy","Final Energy|Residential and Commercial|Heat",10,3,5,"min",0.0484613980655797,1.3525904930909
"ecemf-policy","Final Energy|Residential and Commercial|Heat",10,3,5,"max",0.0759194607588826,0.909919068002762
"ecemf-policy","Final Energy|Residential and Commercial|Heat",10,3,5,"median",0.140257869821145,1.00249369398679
"ecemf-policy","Final Energy|Residential and Commercial|Heat",10,3,5,"range",0.0764107350460545,0.904036739072818
"ecemf-policy","Final Energy|Residential and Commercial|Heat",10,3,5,"mean",0.0988832578130671,1.1858172139862
"ecemf-policy","Final Energy|Residential and Commercial|Heat",10,3,5,"iqr",0.0697531387004577,0.530514609327275
"ecemf-policy","Final Energy|Residential and Commercial|Heat",10,4,5,"min",0.0433091984736054,1.20878910755966
"ecemf-policy","Final Energy|Residential and Commercial|Heat",10,4,5,"max",0.0819379882499522,0.982053048811923
"ecemf-policy","Final Energy|Residential and Commercial|Heat",10,4,5,"median",0.120718507674958,0.862836023718056
"ecemf-policy","Final Energy|Residential and Commercial|Heat",10,4,5,"range",0.0834755401127566,0.987622420205673
"ecemf-policy","Final Energy|Residential and Commercial|Heat",10,4,5,"mean",0.0913836990273881,1.0958818083165
"ecemf-policy","Final Energy|Residential and Commercial|Heat",10,4,5,"iqr",0.109617389327029,0.833706232547256
"ecemf-policy","Final Energy|Residential and Commercial|Heat",10,5,5,"min",0.0358285810177751,1
"ecemf-policy","Final Energy|Residential and Commercial|Heat",10,5,5,"max",0.0834353992883377,1
"ecemf-policy","Final Energy|Residential and Commercial|Heat",10,5,5,"median",0.139908979639919,1
"ecemf-policy","Final Energy|Residential and Commercial|Heat",10,5,5,"range",0.0845217143768089,1
"ecemf-policy","Final Energy|Residential and Commercial|Heat",10,5,5,"mean",0.0833882799530838,1
"ecemf-policy","Final Energy|Residential and Commercial|Heat",10,5,5,"iqr",0.1314820317369,1
"ecemf-policy","Final Energy|Residential and Commercial|Heat",10,6,5,"min",0.0297820775845985,0.831237987622875
"ecemf-policy","Final Energy|Residential and Commercial|Heat",10,6,5,"max",0.0805622811696621,0.965564758565526
"ecemf-policy","Final Energy|Residential and Commercial|Heat",10,6,5,"median",0.114716364403252,0.819935680315126
"ecemf-policy","Final Energy|Residential and Commercial|Heat",10,6,5,"range",0.0814064346004025,0.963142255225466
"ecemf-policy","Final Energy|Residential and Commercial|Heat",10,6,5,"mean",0.0746144778083907,0.894783749591316
"ecemf-policy","Final Energy|Residential and Commercial|Heat",10,6,5,"iqr",0.102613450011019,0.780437057866224
"ecemf-policy","Final Energy|Residential and Commercial|Heat",10,7,5,"min",0.0255913847712618,0.714272908507471
"ecemf-policy","Final Energy|Residential and Commercial|Heat",10,7,5,"max",0.0719083988567477,0.861845205633226
"ecemf-policy","Final Energy|Residential and Commercial|Heat",10,7,5,"median",0.143543329465628,1.02597653013454
"ecemf-policy","Final Energy|Residential and Commercial|Heat",10,7,5,"range",0.073015183896393,0.863863025433697
"ecemf-policy","Final Energy|Residential and Commercial|Heat",10,7,5,"mean",0.0647342876988877,0.776299591924773
"ecemf-policy","Final Energy|Residential and Commercial|Heat",10,7,5,"iqr",0.0861815466171394,0.655462540992612
"ecemf-policy","Final Energy|Residential and Commercial|Heat",10,8,5,"min",0.021450569100951,0.598699934287351
"ecemf-policy","Final Energy|Residential and Commercial|Heat",10,8,5,"max",0.0558889455882797,0.669846924266972
"ecemf-policy","Final Energy|Residential and Commercial|Heat",10,8,5,"median",0.10415460573711,0.744445467368648
"ecemf-policy","Final Energy|Residential and Commercial|Heat",10,8,5,"range",0.0574020247810566,0.679139380977896
"ecemf-policy","Final Energy|Residential and Commercial|Heat",10,8,5,"mean",0.0532293938182783,0.63833183569953
"ecemf-policy","Final Energy|Residential and Commercial|Heat",10,8,5,"iqr",0.0606665446628805,0.46140559178669
"ecemf-policy","Final Energy|Residential and Commercial|Heat",10,9,5,"min",0.0180028024914607,0.502470429474424
"ecemf-policy","Final Energy|Residential and Commercial|Heat",10,9,5,"max",0.0336824797799221,0.403695314785054
"ecemf-policy","Final Energy|Residential and Commercial|Heat",10,9,5,"median",0.166926975532055,1.19311123533079
"ecemf-policy","Final Energy|Residential and Commercial|Heat",10,9,5,"range",0.0363848793582681,0.430479665805873
"ecemf-policy","Final Energy|Residential and Commercial|Heat",10,9,5,"mean",0.0392315393585094,0.470468264612029
"ecemf-policy","Final Energy|Residential and Commercial|Heat",10,9,5,"iqr",0.0595839327351418,0.453171676373023
"ecemf-policy","Final Energy|Residential and Commercial|Hydrogen",10,3,5,"min",0.00996496146229381,80419.6652239412
"ecemf-policy","Final Energy|Residential and Commercial|Hydrogen",10,3,5,"max",0.0552126876541511,0.946835009407856
"ecemf-policy","Final Energy|Residential and Commercial|Hydrogen",10,3,5,"median",0.076448878551765,1.13717241276763
"ecemf-policy","Final Energy|Residential and Commercial|Hydrogen",10,3,5,"range",0.0548602273616945,0.940790795383886
"ecemf-policy","Final Energy|Residential and Commercial|Hydrogen",10,3,5,"mean",0.0520675011725541,1.1858172139862
"ecemf-policy","Final Energy|Residential and Commercial|Hydrogen",10,3,5,"iqr",0.050080306726437,0.418507977588604
"ecemf-policy","Final Energy|Residential and Commercial|Hydrogen",10,4,5,"min",0.00207510375800256,16746.5925638507
"ecemf-policy","Final Energy|Residential and Commercial|Hydrogen",10,4,5,"max",0.0609109939935612,1.04455450406967
"ecemf-policy","Final Energy|Residential and Commercial|Hydrogen",10,4,5,"median",0.0636550218976304,0.94686457417541
"ecemf-policy","Final Energy|Residential and Commercial|Hydrogen",10,4,5,"range",0.0608382944800661,1.04330787906404
"ecemf-policy","Final Energy|Residential and Commercial|Hydrogen",10,4,5,"mean",0.0481185689215034,1.0958818083165
"ecemf-policy","Final Energy|Residential and Commercial|Hydrogen",10,4,5,"iqr",0.0848706880996945,0.709242062497315
"ecemf-policy","Final Energy|Residential and Commercial|Hydrogen",10,5,5,"min",1.23911998819503e-07,1
"ecemf-policy","Final Energy|Residential and Commercial|Hydrogen",10,5,5,"max",0.0583128920092222,1
"ecemf-policy","Final Energy|Residential and Commercial|Hydrogen",10,5,5,"median",0.0672271659894609,1
"ecemf-policy","Final Energy|Residential and Commercial|Hydrogen",10,5,5,"range",0.0583128870210821,1
"ecemf-policy","Final Energy|Residential and Commercial|Hydrogen",10,5,5,"mean",0.0439085388190022,1
"ecemf-policy","Final Energy|Residential and Commercial|Hydrogen",10,5,5,"iqr",0.119663923767939,1
"ecemf-policy","Final Energy|Residential and Commercial|Hydrogen",10,6,5,"min",0,0
"ecemf-policy","Final Energy|Residential and Commercial|Hydrogen",10,6,5,"max",0.049469604579794,0.848347644496356
"ecemf-policy","Final Energy|Residential and Commercial|Hydrogen",10,6,5,"median",0.0523218700421138,0.778284630506605
"ecemf-policy","Final Energy|Residential and Commercial|Hydrogen",10,6,5,"range",0.049469604579794,0.848347717064824
"ecemf-policy","Final Energy|Residential and Commercial|Hydrogen",10,6,5,"mean",0.0392886470035427,0.894783749591316
"ecemf-policy","Final Energy|Residential and Commercial|Hydrogen",10,6,5,"iqr",0.104484770701206,0.873151802241004
"ecemf-policy","Final Energy|Residential and Commercial|Hydrogen",10,7,5,"min",0,0
"ecemf-policy","Final Energy|Residential and Commercial|Hydrogen",10,7,5,"max",0.0375207429766959,0.643438212098313
"ecemf-policy","Final Energy|Residential and Commercial|Hydrogen",10,7,5,"median",0.0235386054680126,0.350135322850032
"ecemf-policy","Final Energy|Residential and Commercial|Hydrogen",10,7,5,"range",0.0375207429766959,0.643438267138633
"ecemf-policy","Final Energy|Residential and Commercial|Hydrogen",10,7,5,"mean",0.0340861807672045,0.776299591924773
"ecemf-policy","Final Energy|Residential and Commercial|Hydrogen",10,7,5,"iqr",0.0986935180355652,0.824755823876868
"ecemf-policy","Final Energy|Residential and Commercial|Hydrogen",10,8,5,"min",0,0
"ecemf-policy","Final Energy|Residential and Commercial|Hydrogen",10,8,5,"max",0.0266886066852985,0.457679352982145
"ecemf-policy","Final Energy|Residential and Commercial|Hydrogen",10,8,5,"median",0.0160279716557717,0.238415102285948
"ecemf-policy","Final Energy|Residential and Commercial|Hydrogen",10,8,5,"range",0.0266886066852985,0.457679392132474
"ecemf-policy","Final Energy|Residential and Commercial|Hydrogen",10,8,5,"mean",0.0280282181872178,0.63833183569953
"ecemf-policy","Final Energy|Residential and Commercial|Hydrogen",10,8,5,"iqr",0.109482710352106,0.914918271979972
"ecemf-policy","Final Energy|Residential and Commercial|Hydrogen",10,9,5,"min",0,0
"ecemf-policy","Final Energy|Residential and Commercial|Hydrogen",10,9,5,"max",0.0206280810938799,0.353748208725741
"ecemf-policy","Final Energy|Residential and Commercial|Hydrogen",10,9,5,"median",1.967042e-06,2.9259629958347e-05
"ecemf-policy","Final Energy|Residential and Commercial|Hydrogen",10,9,5,"range",0.0206280810938799,0.3537482389857
"ecemf-policy","Final Energy|Residential and Commercial|Hydrogen",10,9,5,"mean",0.0206575740598259,0.47046826461203
"ecemf-policy","Final Energy|Residential and Commercial|Hydrogen",10,9,5,"iqr",0.12231571428664,1.02216031728864
"ecemf-policy","Final Energy|Residential and Commercial|Liquids",11,3,5,"min",0.042336644199919,1.22898131224753
"ecemf-policy","Final Energy|Residential and Commercial|Liquids",11,3,5,"max",0.229323106719446,0.603049870132725
"ecemf-policy","Final Energy|Residential and Commercial|Liquids",11,3,5,"median",0.148549045619941,1.02471247058938
"ecemf-policy","Final Energy|Residential and Commercial|Liquids",11,3,5,"range",0.221216573191553,0.588244274560399
"ecemf-policy","Final Energy|Residential and Commercial|Liquids",11,3,5,"mean",0.188219510698619,1.15696145751255
"ecemf-policy","Final Energy|Residential and Commercial|Liquids",11,3,5,"iqr",0.211798743858557,1.37166299705645
"ecemf-policy","Final Energy|Residential and Commercial|Liquids",11,4,5,"min",0.0377460098248478,1.09572077719704
"ecemf-policy","Final Energy|Residential and Commercial|Liquids",11,4,5,"max",0.308365120289136,0.810906272830714
"ecemf-policy","Final Energy|Residential and Commercial|Liquids",11,4,5,"median",0.129475835648733,0.89314275211626
"ecemf-policy","Final Energy|Residential and Commercial|Liquids",11,4,5,"range",0.302741754101056,0.805030567787126
"ecemf-policy","Final Energy|Residential and Commercial|Liquids",11,4,5,"mean",0.175795453703513,1.08059235509632
"ecemf-policy","Final Energy|Residential and Commercial|Liquids",11,4,5,"iqr",0.187632275969182,1.21515475168391
"ecemf-policy","Final Energy|Residential and Commercial|Liquids",11,5,5,"min",0.0344485662865733,1
"ecemf-policy","Final Energy|Residential and Commercial|Liquids",11,5,5,"max",0.38027220977425,1
"ecemf-policy","Final Energy|Residential and Commercial|Liquids",11,5,5,"median",0.14496656367859,1
"ecemf-policy","Final Energy|Residential and Commercial|Liquids",11,5,5,"range",0.376062433173482,1
"ecemf-policy","Final Energy|Residential and Commercial|Liquids",11,5,5,"mean",0.162684339635037,1
"ecemf-policy","Final Energy|Residential and Commercial|Liquids",11,5,5,"iqr",0.154410189903112,1
"ecemf-policy","Final Energy|Residential and Commercial|Liquids",11,6,5,"min",0.0317871713383122,0.922742940123508
"ecemf-policy","Final Energy|Residential and Commercial|Liquids",11,6,5,"max",0.440957705485211,1.15958435602483
"ecemf-policy","Final Energy|Residential and Commercial|Liquids",11,6,5,"median",0.122744924328613,0.846711967324785
"ecemf-policy","Final Energy|Residential and Commercial|Liquids",11,6,5,"range",0.43761867654907,1.1636862338419
"ecemf-policy","Final Energy|Residential and Commercial|Liquids",11,6,5,"mean",0.148509804284902,0.912870929175277
"ecemf-policy","Final Energy|Residential and Commercial|Liquids",11,6,5,"iqr",0.128943417737908,0.835070650575695
"ecemf-policy","Final Energy|Residential and Commercial|Liquids",11,7,5,"min",0.027734626138477,0.805102479672334
"ecemf-policy","Final Energy|Residential and Commercial|Liquids",11,7,5,"max",0.484632837721104,1.27443664108089
"ecemf-policy","Final Energy|Residential and Commercial|Liquids",11,7,5,"median",0.137301750903215,0.947127029979346
"ecemf-policy","Final Energy|Residential and Commercial|Liquids",11,7,5,"range",0.482047170279354,1.2818275045755
"ecemf-policy","Final Energy|Residential and Commercial|Liquids",11,7,5,"mean",0.132888872032933,0.816851040063559
"ecemf-policy","Final Energy|Residential and Commercial|Liquids",11,7,5,"iqr",0.120137306534102,0.778040015425695
"ecemf-policy","Final Energy|Residential and Commercial|Liquids",11,8,5,"min",0.0216531133227614,0.628563555958522
"ecemf-policy","Final Energy|Residential and Commercial|Liquids",11,8,5,"max",0.503040764418246,1.32284387732903
"ecemf-policy","Final Energy|Residential and Commercial|Liquids",11,8,5,"median",0.1095185625507,0.755474640300624
"ecemf-policy","Final Energy|Residential and Commercial|Liquids",11,8,5,"range",0.501236235972317,1.33285378106643
"ecemf-policy","Final Energy|Residential and Commercial|Liquids",11,8,5,"mean",0.115260440211984,0.708491305743119
"ecemf-policy","Final Energy|Residential and Commercial|Liquids",11,8,5,"iqr",0.106403456534607,0.689096079743002
"ecemf-policy","Final Energy|Residential and Commercial|Liquids",11,9,5,"min",0.0139383748741125,0.404614077641457
"ecemf-policy","Final Energy|Residential and Commercial|Liquids",11,9,5,"max",0.484165578939671,1.27320789291202
"ecemf-policy","Final Energy|Residential and Commercial|Liquids",11,9,5,"median",0.107109949548757,0.738859684818311
"ecemf-policy","Final Energy|Residential and Commercial|Liquids",11,9,5,"range",0.483118214769867,1.28467555425032
"ecemf-policy","Final Energy|Residential and Commercial|Liquids",11,9,5,"mean",0.0946888977715429,0.582040643764277
"ecemf-policy","Final Energy|Residential and Commercial|Liquids",11,9,5,"iqr",0.0725860916238787,0.470086149556739
"ecemf-policy","Final Energy|Residential and Commercial|Liquids",11,10,5,"min",0.00418711545227336,0.121546871281704
"ecemf-policy","Final Energy|Residential and Commercial|Liquids",11,10,5,"max",0.409519250081097,1.07691080114482
"ecemf-policy","Final Energy|Residential and Commercial|Liquids",11,10,5,"median",0.0673828580872255,0.464816550640064
"ecemf-policy","Final Energy|Residential and Commercial|Liquids",11,10,5,"range",0.409121751128916,1.08790912103731
"ecemf-policy","Final Energy|Residential and Commercial|Liquids",11,10,5,"mean",0.0695818451540518,0.427710776035054
"ecemf-policy","Final Energy|Residential and Commercial|Liquids",11,10,5,"iqr",0.0424389187644487,0.274845324593397
"ecemf-policy","Final Energy|Residential and Commercial|Solids",11,3,5,"min",0.0494571931230994,1.48574666299887
"ecemf-policy","Final Energy|Residential and Commercial|Solids",11,3,5,"max",0.261397459830811,0.621969815205349
"ecemf-policy","Final Energy|Residential and Commercial|Solids",11,3,5,"median",0.199200410834809,1.05268178058825
"ecemf-policy","Final Energy|Residential and Commercial|Solids",11,3,5,"range",0.25191635883198,0.605173393460972
"ecemf-policy","Final Energy|Residential and Commercial|Solids",11,3,5,"mean",0.222218316680427,1.15696145751255
"ecemf-policy","Final Energy|Residential and Commercial|Solids",11,3,5,"iqr",0.241191550833011,1.08363341328848
"ecemf-policy","Final Energy|Residential and Commercial|Solids",11,4,5,"min",0.040350802851243,1.21218101755877
"ecemf-policy","Final Energy|Residential and Commercial|Solids",11,4,5,"max",0.34554732529406,0.822196230204211
"ecemf-policy","Final Energy|Residential and Commercial|Solids",11,4,5,"median",0.172837094431838,0.913363880906283
"ecemf-policy","Final Energy|Residential and Commercial|Solids",11,4,5,"range",0.339546844433527,0.81568627395831
"ecemf-policy","Final Energy|Residential and Commercial|Solids",11,4,5,"mean",0.207550055023882,1.08059235509632
"ecemf-policy","Final Energy|Residential and Commercial|Solids",11,4,5,"iqr",0.233411370461833,1.0486783604166
"ecemf-policy","Final Energy|Residential and Commercial|Solids",11,5,5,"min",0.0332877699508164,1
"ecemf-policy","Final Energy|Residential and Commercial|Solids",11,5,5,"max",0.420273546143888,1
"ecemf-policy","Final Energy|Residential and Commercial|Solids",11,5,5,"median",0.189231365554264,1
"ecemf-policy","Final Energy|Residential and Commercial|Solids",11,5,5,"range",0.416271372062933,1
"ecemf-policy","Final Energy|Residential and Commercial|Solids",11,5,5,"mean",0.192070630562052,1
"ecemf-policy","Final Energy|Residential and Commercial|Solids",11,5,5,"iqr",0.222576701562821,1
"ecemf-policy","Final Energy|Residential and Commercial|Solids",11,6,5,"min",0.025348676466871,0.761501191107855
"ecemf-policy","Final Energy|Residential and Commercial|Solids",11,6,5,"max",0.482676895191313,1.14848269566331
"ecemf-policy","Final Energy|Residential and Commercial|Solids",11,6,5,"median",0.159026154255974,0.840379467696499
"ecemf-policy","Final Energy|Residential and Commercial|Solids",11,6,5,"range",0.480047872883528,1.15320895238252
"ecemf-policy","Final Energy|Residential and Commercial|Solids",11,6,5,"mean",0.175335694988462,0.912870929175277
"ecemf-policy","Final Energy|Residential and Commercial|Solids",11,6,5,"iqr",0.189727540724299,0.852414198755431
"ecemf-policy","Final Energy|Residential and Commercial|Solids",11,7,5,"min",0.0165679239053402,0.497718048695355
"ecemf-policy","Final Energy|Residential and Commercial|Solids",11,7,5,"max",0.528565001071504,1.25766897755335
"ecemf-policy","Final Energy|Residential and Commercial|Solids",11,7,5,"median",0.130387356893797,0.689036706530592
"ecemf-policy","Final Energy|Residential and Commercial|Solids",11,7,5,"range",0.526957533775621,1.26589904841199
"ecemf-policy","Final Energy|Residential and Commercial|Solids",11,7,5,"mean",0.156893094340276,0.816851040063558
"ecemf-policy","Final Energy|Residential and Commercial|Solids",11,7,5,"iqr",0.179074609388274,0.804552354900142
"ecemf-policy","Final Energy|Residential and Commercial|Solids",11,8,5,"min",0.009270518840777,0.278496242147625
"ecemf-policy","Final Energy|Residential and Commercial|Solids",11,8,5,"max",0.550502680777304,1.30986755133246
"ecemf-policy","Final Energy|Residential and Commercial|Solids",11,8,5,"median",0.100868415334506,0.533042791500551
"ecemf-policy","Final Energy|Residential and Commercial|Solids",11,8,5,"range",0.549560628992219,1.32019799072115
"ecemf-policy","Final Energy|Residential and Commercial|Solids",11,8,5,"mean",0.136080371841812,0.708491305743119
"ecemf-policy","Final Energy|Residential and Commercial|Solids",11,8,5,"iqr",0.199016089389315,0.894146098814137
"ecemf-policy","Final Energy|Residential and Commercial|Solids",11,9,5,"min",0.00577242670287184,0.17340983524582
"ecemf-policy","Final Energy|Residential and Commercial|Solids",11,9,5,"max",0.535166950652477,1.27337767404769
"ecemf-policy","Final Energy|Residential and Commercial|Solids",11,9,5,"median",0.0241572724667423,0.127659980659046
"ecemf-policy","Final Energy|Residential and Commercial|Solids",11,9,5,"range",0.534587495311098,1.28422834523023
"ecemf-policy","Final Energy|Residential and Commercial|Solids",11,9,5,"mean",0.111792913460547,0.582040643764277
"ecemf-policy","Final Energy|Residential and Commercial|Solids",11,9,5,"iqr",0.221965100657027,0.997252179129711
"ecemf-policy","Final Energy|Residential and Commercial|Solids",11,10,5,"min",0.00366473334273155,0.110092485863315
"ecemf-policy","Final Energy|Residential and Commercial|Solids",11,10,5,"max",0.459542374286904,1.09343635473448
"ecemf-policy","Final Energy|Residential and Commercial|Solids",11,10,5,"median",0.0167690860627386,0.088616842211234
"ecemf-policy","Final Energy|Residential and Commercial|Solids",11,10,5,"range",0.459190378801025,1.1031034311233
"ecemf-policy","Final Energy|Residential and Commercial|Solids",11,10,5,"mean",0.0821506784512374,0.427710776035054
"ecemf-policy","Final Energy|Residential and Commercial|Solids",11,10,5,"iqr",0.153141351678291,0.688038553015701
"ecemf-policy","Gross Emissions|CO2",5,3,3,"min",108.8437244213,1
"ecemf-policy","Gross Emissions|CO2",5,3,3,"max",6.6813885613144,1
"ecemf-policy","Gross Emissions|CO2",5,3,3,"median",114.951083449979,1
"ecemf-policy","Gross Emissions|CO2",5,3,3,"range",106.809532181254,1
"ecemf-policy","Gross Emissions|CO2",5,3,3,"mean",74.7945146686368,1
"ecemf-policy","Gross Emissions|CO2",5,3,3,"iqr",68.9452565590336,1
"ecemf-policy","Gross Emissions|CO2",5,4,3,"min",83.3174808933024,0.765478040523551
"ecemf-policy","Gross Emissions|CO2",5,4,3,"max",6.10519608407086,0.913761567381408
"ecemf-policy","Gross Emissions|CO2",5,4,3,"median",75.9919111362567,0.661080425303905
"ecemf-policy","Gross Emissions|CO2",5,4,3,"range",82.0045197692697,0.767764057145288
"ecemf-policy","Gross Emissions|CO2",5,4,3,"mean",56.0958860014776,0.75
"ecemf-policy","Gross Emissions|CO2",5,4,3,"iqr",122.615994030771,1.77845438758768
"ecemf-policy","Gross Emissions|CO2|Energy",5,3,3,"min",23.9229405129753,1
"ecemf-policy","Gross Emissions|CO2|Energy",5,3,3,"max",85.4192725048748,1
"ecemf-policy","Gross Emissions|CO2|Energy",5,3,3,"median",105.50868971556,1
"ecemf-policy","Gross Emissions|CO2|Energy",5,3,3,"range",80.9811319305192,1
"ecemf-policy","Gross Emissions|CO2|Energy",5,3,3,"mean",68.8971989555609,1
"ecemf-policy","Gross Emissions|CO2|Energy",5,3,3,"iqr",52.2730958873211,1
"ecemf-policy","Gross Emissions|CO2|Energy",5,4,3,"min",14.5434910284517,0.607930744155954
"ecemf-policy","Gross Emissions|CO2|Energy",5,4,3,"max",65.510288718409,0.766926324673045
"ecemf-policy","Gross Emissions|CO2|Energy",5,4,3,"median",73.0312490594764,0.692182314616554
"ecemf-policy","Gross Emissions|CO2|Energy",5,4,3,"range",63.4565750032274,0.78359703662419
"ecemf-policy","Gross Emissions|CO2|Energy",5,4,3,"mean",51.6728992166707,0.75
"ecemf-policy","Gross Emissions|CO2|Energy",5,4,3,"iqr",81.0926014100986,1.55132578305483
"ecemf-policy","Primary Energy|Biomass",7,3,4,"min",0.761624831694076,1.1986862916369
"ecemf-policy","Primary Energy|Biomass",7,3,4,"max",1.0776467816428,1.20775201114607
"ecemf-policy","Primary Energy|Biomass",7,3,4,"median",2.09425871498948,1.24567684681144
"ecemf-policy","Primary Energy|Biomass",7,3,4,"range",1.12374995277472,1.16134956659531
"ecemf-policy","Primary Energy|Biomass",7,3,4,"mean",1.31231729733327,1.15470053837925
"ecemf-policy","Primary Energy|Biomass",7,3,4,"iqr",0.858278203465532,0.544621349382801
"ecemf-policy","Primary Energy|Biomass",7,4,4,"min",0.635382949657346,1
"ecemf-policy","Primary Energy|Biomass",7,4,4,"max",0.89227488068531,1
"ecemf-policy","Primary Energy|Biomass",7,4,4,"median",1.6812215145125,1
"ecemf-policy","Primary Energy|Biomass",7,4,4,"range",0.9676242064387,1
"ecemf-policy","Primary Energy|Biomass",7,4,4,"mean",1.13650011731635,1
"ecemf-policy","Primary Energy|Biomass",7,4,4,"iqr",1.57591729453534,1
"ecemf-policy","Primary Energy|Biomass",7,5,4,"min",0.645491062241001,1.01590869347235
"ecemf-policy","Primary Energy|Biomass",7,5,4,"max",0.657312610567702,0.736670531465432
"ecemf-policy","Primary Energy|Biomass",7,5,4,"median",2.21560425165223,1.31785385359804
"ecemf-policy","Primary Energy|Biomass",7,5,4,"range",0.831013172945408,0.85881809013844
"ecemf-policy","Primary Energy|Biomass",7,5,4,"mean",0.937182005444434,0.824621125123532
"ecemf-policy","Primary Energy|Biomass",7,5,4,"iqr",1.60166798598272,1.01634012872165
"ecemf-policy","Primary Energy|Biomass",7,6,4,"min",0.628195355611679,0.988687776325218
"ecemf-policy","Primary Energy|Biomass",7,6,4,"max",0.545746719880596,0.611635194147163
"ecemf-policy","Primary Energy|Biomass",7,6,4,"median",1.53674250432106,0.914063073221301
"ecemf-policy","Primary Energy|Biomass",7,6,4,"range",0.760388301340888,0.785830176923193
"ecemf-policy","Primary Energy|Biomass",7,6,4,"mean",0.698534223821111,0.614636297152859
"ecemf-policy","Primary Energy|Biomass",7,6,4,"iqr",0.763997410861512,0.484795371883253
"ecemf-policy","Primary Energy|Coal",7,3,4,"min",0.10288094489428,4.58666714795708
"ecemf-policy","Primary Energy|Coal",7,3,4,"max",0.714037816296326,0.838958921542933
"ecemf-policy","Primary Energy|Coal",7,3,4,"median",0.493874141427748,1.26728130073956
"ecemf-policy","Primary Energy|Coal",7,3,4,"range",0.697651271427944,0.824158149662909
"ecemf-policy","Primary Energy|Coal",7,3,4,"mean",0.486937342341756,1.15470053837925
"ecemf-policy","Primary Energy|Coal",7,3,4,"iqr",0.532839960000123,0.936721971751102
"ecemf-policy","Primary Energy|Coal",7,4,4,"min",0.0224304362133851,1
"ecemf-policy","Primary Energy|Coal",7,4,4,"max",0.851099854785662,1
"ecemf-policy","Primary Energy|Coal",7,4,4,"median",0.389711535346992,1
"ecemf-policy","Primary Energy|Coal",7,4,4,"range",0.846501695958831,1
"ecemf-policy","Primary Energy|Coal",7,4,4,"mean",0.42170010851924,1
"ecemf-policy","Primary Energy|Coal",7,4,4,"iqr",0.56883469809514,1
"ecemf-policy","Primary Energy|Coal",7,5,4,"min",0.0226726583426607,1.01079881492144
"ecemf-policy","Primary Energy|Coal",7,5,4,"max",0.910075872648245,1.0692938878217
"ecemf-policy","Primary Energy|Coal",7,5,4,"median",0.518804908207551,1.33125366111018
"ecemf-policy","Primary Energy|Coal",7,5,4,"range",0.906435220122976,1.07080142243101
"ecemf-policy","Primary Energy|Coal",7,5,4,"mean",0.347742817951852,0.824621125123532
"ecemf-policy","Primary Energy|Coal",7,5,4,"iqr",0.494468510578595,0.869265732618674
"ecemf-policy","Primary Energy|Coal",7,6,4,"min",0.0222038201965756,0.989896941162729
"ecemf-policy","Primary Energy|Coal",7,6,4,"max",0.865020537713037,1.01635611009578
"ecemf-policy","Primary Energy|Coal",7,6,4,"median",0.334642817919598,0.858693642777698
"ecemf-policy","Primary Energy|Coal",7,6,4,"range",0.861598100509415,1.01783387395755
"ecemf-policy","Primary Energy|Coal",7,6,4,"mean",0.259192193209225,0.614636297152859
"ecemf-policy","Primary Energy|Coal",7,6,4,"iqr",0.284151294597961,0.499532281609226
"ecemf-policy","Primary Energy|Gas",7,3,4,"min",0.758424337160851,1.150646690011
"ecemf-policy","Primary Energy|Gas",7,3,4,"max",1.11015066114936,1.00757060474256
"ecemf-policy","Primary Energy|Gas",7,3,4,"median",1.78600932466051,1.22874520038118
"ecemf-policy","Primary Energy|Gas",7,3,4,"range",1.12817905984694,0.980238227408807
"ecemf-policy","Primary Energy|Gas",7,3,4,"mean",1.26171028591062,1.15470053837925
"ecemf-policy","Primary Energy|Gas",7,3,4,"iqr",0.861660989868786,0.709416559330254
"ecemf-policy","Primary Energy|Gas",7,4,4,"min",0.65912876971262,1
"ecemf-policy","Primary Energy|Gas",7,4,4,"max",1.10180929844913,1
"ecemf-policy","Primary Energy|Gas",7,4,4,"median",1.453522930634,1
"ecemf-policy","Primary Energy|Gas",7,4,4,"range",1.15092334526598,1
"ecemf-policy","Primary Energy|Gas",7,4,4,"mean",1.09267315981473,1
"ecemf-policy","Primary Energy|Gas",7,4,4,"iqr",1.21460512661597,1
"ecemf-policy","Primary Energy|Gas",7,5,4,"min",0.472812041101601,0.717328787374502
"ecemf-policy","Primary Energy|Gas",7,5,4,"max",0.945648634989717,0.858268882211089
"ecemf-policy","Primary Energy|Gas",7,5,4,"median",1.17245425400024,0.806629348109997
"ecemf-policy","Primary Energy|Gas",7,5,4,"range",0.988401903718306,0.85879038580965
"ecemf-policy","Primary Energy|Gas",7,5,4,"mean",0.901041370438706,0.824621125123532
"ecemf-policy","Primary Energy|Gas",7,5,4,"iqr",1.51607016325595,1.24820003640187
"ecemf-policy","Primary Energy|Gas",7,6,4,"min",0.104732843175408,0.158895875871222
"ecemf-policy","Primary Energy|Gas",7,6,4,"max",0.690670531417852,0.626851245846281
"ecemf-policy","Primary Energy|Gas",7,6,4,"median",0.818176996120012,0.56289238984564
"ecemf-policy","Primary Energy|Gas",7,6,4,"range",0.681089413066304,0.591776520884545
"ecemf-policy","Primary Energy|Gas",7,6,4,"mean",0.671596584946838,0.614636297152859
"ecemf-policy","Primary Energy|Gas",7,6,4,"iqr",1.10417145838919,0.909078542641704
"ecemf-policy","Primary Energy|Geothermal",5,3,3,"min",0.312003509378453,1
"ecemf-policy","Primary Energy|Geothermal",5,3,3,"max",0.138805302716937,1
"ecemf-policy","Primary Energy|Geothermal",5,3,3,"median",0.101006483327555,1
"ecemf-policy","Primary Energy|Geothermal",5,3,3,"range",0.301198230263922,1
"ecemf-policy","Primary Energy|Geothermal",5,3,3,"mean",0.182787466953943,1
"ecemf-policy","Primary Energy|Geothermal",5,3,3,"iqr",0.194422621619886,1
"ecemf-policy","Primary Energy|Geothermal",5,4,3,"min",0.356951541802345,1.14406258606973
"ecemf-policy","Primary Energy|Geothermal",5,4,3,"max",0.129546397127099,0.933295735763644
"ecemf-policy","Primary Energy|Geothermal",5,4,3,"median",0.0680744218209587,0.67396091397618
"ecemf-policy","Primary Energy|Geothermal",5,4,3,"range",0.347959450380291,1.15525064697557
"ecemf-policy","Primary Energy|Geothermal",5,4,3,"mean",0.137090600215457,0.75
"ecemf-policy","Primary Energy|Geothermal",5,4,3,"iqr",0.119922642980155,0.616814247133313
"ecemf-policy","Primary Energy|Hydro",7,3,4,"min",0.0926520781982226,1.41051185814258
"ecemf-policy","Primary Energy|Hydro",7,3,4,"max",0.326064030208548,0.894960453264848
"ecemf-policy","Primary Energy|Hydro",7,3,4,"median",0.322247451664082,1.23685481700838
"ecemf-policy","Primary Energy|Hydro",7,3,4,"range",0.310434834602367,0.871546452638898
"ecemf-policy","Primary Energy|Hydro",7,3,4,"mean",0.26735205137131,1.15470053837925
"ecemf-policy","Primary Energy|Hydro",7,3,4,"iqr",0.237098521319407,0.851350952273834
"ecemf-policy","Primary Energy|Hydro",7,4,4,"min",0.0656868481206748,1
"ecemf-policy","Primary Energy|Hydro",7,4,4,"max",0.364333450734112,1
"ecemf-policy","Primary Energy|Hydro",7,4,4,"median",0.260537815136228,1
"ecemf-policy","Primary Energy|Hydro",7,4,4,"range",0.356188512571443,1
"ecemf-policy","Primary Energy|Hydro",7,4,4,"mean",0.231533668241437,1
"ecemf-policy","Primary Energy|Hydro",7,4,4,"iqr",0.278496806383022,1
"ecemf-policy","Primary Energy|Hydro",7,5,4,"min",0.0294802686766824,0.448800171116805
"ecemf-policy","Primary Energy|Hydro",7,5,4,"max",0.358200093819576,0.98316553996846
"ecemf-policy","Primary Energy|Hydro",7,5,4,"median",0.218882422116178,0.840117669681581
"ecemf-policy","Primary Energy|Hydro",7,5,4,"range",0.354429356191571,0.995061164754661
"ecemf-policy","Primary Energy|Hydro",7,5,4,"mean",0.190927554009232,0.824621125123532
"ecemf-policy","Primary Energy|Hydro",7,5,4,"iqr",0.305969379349075,1.09864591742668
"ecemf-policy","Primary Energy|Hydro",7,6,4,"min",0.00795860352642633,0.121159771767484
"ecemf-policy","Primary Energy|Hydro",7,6,4,"max",0.295685937455878,0.811580536621292
"ecemf-policy","Primary Energy|Hydro",7,6,4,"median",0.152982082625962,0.587178036117221
"ecemf-policy","Primary Energy|Hydro",7,6,4,"range",0.294464084846356,0.826708539027611
"ecemf-policy","Primary Energy|Hydro",7,6,4,"mean",0.142308996514135,0.614636297152859
"ecemf-policy","Primary Energy|Hydro",7,6,4,"iqr",0.230924307933272,0.829181170629575
"ecemf-policy","Primary Energy|Nuclear",7,3,4,"min",0.168269213206319,1.49277300641953
"ecemf-policy","Primary Energy|Nuclear",7,3,4,"max",0.309310841145306,1.19868462708348
"ecemf-policy","Primary Energy|Nuclear",7,3,4,"median",0.58272825855995,1.2357033630278
"ecemf-policy","Primary Energy|Nuclear",7,3,4,"range",0.308247977102473,1.19480224353359
"ecemf-policy","Primary Energy|Nuclear",7,3,4,"mean",0.356640705147614,1.15470053837925
"ecemf-policy","Primary Energy|Nuclear",7,3,4,"iqr",0.235428281314849,0.566372254516666
"ecemf-policy","Primary Energy|Nuclear",7,4,4,"min",0.112722572342006,1
"ecemf-policy","Primary Energy|Nuclear",7,4,4,"max",0.258041885377214,1
"ecemf-policy","Primary Energy|Nuclear",7,4,4,"median",0.471576169487887,1
"ecemf-policy","Primary Energy|Nuclear",7,4,4,"range",0.257990792008258,1
"ecemf-policy","Primary Energy|Nuclear",7,4,4,"mean",0.308859910681429,1
"ecemf-policy","Primary Energy|Nuclear",7,4,4,"iqr",0.415677638580231,1
"ecemf-policy","Primary Energy|Nuclear",7,5,4,"min",0.0872666539946152,0.774171953154545
"ecemf-policy","Primary Energy|Nuclear",7,5,4,"max",0.168720215146013,0.653848172359196
"ecemf-policy","Primary Energy|Nuclear",7,5,4,"median",0.518763312315332,1.100062611049
"ecemf-policy","Primary Energy|Nuclear",7,5,4,"range",0.175045556854315,0.678495366023422
"ecemf-policy","Primary Energy|Nuclear",7,5,4,"mean",0.254692407051674,0.824621125123532
"ecemf-policy","Primary Energy|Nuclear",7,5,4,"iqr",0.489574289459942,1.17777393831458
"ecemf-policy","Primary Energy|Nuclear",7,6,4,"min",0.0762203597714512,0.676176547321816
"ecemf-policy","Primary Energy|Nuclear",7,6,4,"max",0.0736956521277683,0.285595697070797
"ecemf-policy","Primary Energy|Nuclear",7,6,4,"median",0.363041175046771,0.769846312295676
"ecemf-policy","Primary Energy|Nuclear",7,6,4,"range",0.096789579397628,0.375166798179875
"ecemf-policy","Primary Energy|Nuclear",7,6,4,"mean",0.189836511840196,0.614636297152859
"ecemf-policy","Primary Energy|Nuclear",7,6,4,"iqr",0.319188114972275,0.767874153785319
"ecemf-policy","Primary Energy|Oil",7,3,4,"min",0.155912399002395,1.0723712877045
"ecemf-policy","Primary Energy|Oil",7,3,4,"max",0.260401080020769,0.89903729918732
"ecemf-policy","Primary Energy|Oil",7,3,4,"median",0.30952341965083,1.22688428647205
"ecemf-policy","Primary Energy|Oil",7,3,4,"range",0.256336807716344,0.881562652841453
"ecemf-policy","Primary Energy|Oil",7,3,4,"mean",0.25705140053449,1.15470053837925
"ecemf-policy","Primary Energy|Oil",7,3,4,"iqr",0.195780470793914,0.858970427612513
"ecemf-policy","Primary Energy|Oil",7,4,4,"min",0.145390314707267,1
"ecemf-policy","Primary Energy|Oil",7,4,4,"max",0.289644356531323,1
"ecemf-policy","Primary Energy|Oil",7,4,4,"median",0.252284117633355,1
"ecemf-policy","Primary Energy|Oil",7,4,4,"range",0.290775484748723,1
"ecemf-policy","Primary Energy|Oil",7,4,4,"mean",0.222613042941237,1
"ecemf-policy","Primary Energy|Oil",7,4,4,"iqr",0.227924576330388,1
"ecemf-policy","Primary Energy|Oil",7,5,4,"min",0.127421898945707,0.87641256711124
"ecemf-policy","Primary Energy|Oil",7,5,4,"max",0.294971427251379,1.01839176424444
"ecemf-policy","Primary Energy|Oil",7,5,4,"median",0.260634667388572,1.03309978382132
"ecemf-policy","Primary Energy|Oil",7,5,4,"range",0.297570430306117,1.0233683577667
"ecemf-policy","Primary Energy|Oil",7,5,4,"mean",0.183571417937376,0.824621125123532
"ecemf-policy","Primary Energy|Oil",7,5,4,"iqr",0.219147894615954,0.96149304363865
"ecemf-policy","Primary Energy|Oil",7,6,4,"min",0.107808160855889,0.741508545964379
"ecemf-policy","Primary Energy|Oil",7,6,4,"max",0.261857281744199,0.90406485001161
"ecemf-policy","Primary Energy|Oil",7,6,4,"median",0.183392556315251,0.726928662952045
"ecemf-policy","Primary Energy|Oil",7,6,4,"range",0.266048338150048,0.914961377778998
"ecemf-policy","Primary Energy|Oil",7,6,4,"mean",0.136826056411333,0.614636297152859
"ecemf-policy","Primary Energy|Oil",7,6,4,"iqr",0.141046076801072,0.618827855564898
"ecemf-policy","Primary Energy|Solar",7,3,4,"min",0.704987679859008,0.942614326344838
"ecemf-policy","Primary Energy|Solar",7,3,4,"max",0.461885929199681,1.45871097781211
"ecemf-policy","Primary Energy|Solar",7,3,4,"median",1.18339929663346,1.25752044468125
"ecemf-policy","Primary Energy|Solar",7,3,4,"range",0.736034639269461,0.964424646563459
"ecemf-policy","Primary Energy|Solar",7,3,4,"mean",0.769614394693015,1.15470053837925
"ecemf-policy","Primary Energy|Solar",7,3,4,"iqr",0.562155741426971,0.603857828630673
"ecemf-policy","Primary Energy|Solar",7,4,4,"min",0.74790681634633,1
"ecemf-policy","Primary Energy|Solar",7,4,4,"max",0.316639784182918,1
"ecemf-policy","Primary Energy|Solar",7,4,4,"median",0.941057699410544,1
"ecemf-policy","Primary Energy|Solar",7,4,4,"range",0.76318522332686,1
"ecemf-policy","Primary Energy|Solar",7,4,4,"mean",0.666505616922335,1
"ecemf-policy","Primary Energy|Solar",7,4,4,"iqr",0.930940553841511,1
"ecemf-policy","Primary Energy|Solar",7,5,4,"min",0.784729321089225,1.04923408095514
"ecemf-policy","Primary Energy|Solar",7,5,4,"max",0.0319411203469859,0.100875259340544
"ecemf-policy","Primary Energy|Solar",7,5,4,"median",1.28022789453009,1.36041381451105
"ecemf-policy","Primary Energy|Solar",7,5,4,"range",0.779105611705548,1.02086045155498
"ecemf-policy","Primary Energy|Solar",7,5,4,"mean",0.54961461172765,0.824621125123532
"ecemf-policy","Primary Energy|Solar",7,5,4,"iqr",0.874243751303733,0.939097290043043
"ecemf-policy","Primary Energy|Solar",7,6,4,"min",0.702414193455091,0.939173407840459
"ecemf-policy","Primary Energy|Solar",7,6,4,"max",0.0207046575448387,0.0653886800683198
"ecemf-policy","Primary Energy|Solar",7,6,4,"median",0.837039908554489,0.889467148591198
"ecemf-policy","Primary Energy|Solar",7,6,4,"range",0.699261491552224,0.916240868113272
"ecemf-policy","Primary Energy|Solar",7,6,4,"mean",0.409658544416726,0.61463629715286
"ecemf-policy","Primary Energy|Solar",7,6,4,"iqr",0.358827005702413,0.3854456702114
"ecemf-policy","Primary Energy|Wind",7,3,4,"min",1.17355811565167,1.18709314843536
"ecemf-policy","Primary Energy|Wind",7,3,4,"max",1.03128382408355,0.877320981178613
"ecemf-policy","Primary Energy|Wind",7,3,4,"median",2.04779528286236,1.27307238405975
"ecemf-policy","Primary Energy|Wind",7,3,4,"range",1.32955855916074,0.97819874690466
"ecemf-policy","Primary Energy|Wind",7,3,4,"mean",1.38263581065769,1.15470053837925
"ecemf-policy","Primary Energy|Wind",7,3,4,"iqr",1.01546712303842,0.557860422565393
"ecemf-policy","Primary Energy|Wind",7,4,4,"min",0.988598171254266,1
"ecemf-policy","Primary Energy|Wind",7,4,4,"max",1.1754920333697,1
"ecemf-policy","Primary Energy|Wind",7,4,4,"median",1.6085458364371,1
"ecemf-policy","Primary Energy|Wind",7,4,4,"range",1.35919061782475,1
"ecemf-policy","Primary Energy|Wind",7,4,4,"mean",1.19739773621165,1
"ecemf-policy","Primary Energy|Wind",7,4,4,"iqr",1.82028887865653,1
"ecemf-policy","Primary Energy|Wind",7,5,4,"min",0.635528264454644,0.642858021523881
"ecemf-policy","Primary Energy|Wind",7,5,4,"max",1.34728973259007,1.14614960743536
"ecemf-policy","Primary Energy|Wind",7,5,4,"median",2.200033380414,1.36771569114066
"ecemf-policy","Primary Energy|Wind",7,5,4,"range",1.3769664450734,1.01307824451959
"ecemf-policy","Primary Energy|Wind",7,5,4,"mean",0.98739946845522,0.824621125123532
"ecemf-policy","Primary Energy|Wind",7,5,4,"iqr",2.06557652250888,1.13475204223265
"ecemf-policy","Primary Energy|Wind",7,6,4,"min",0.485067137011585,0.490661576276401
"ecemf-policy","Primary Energy|Wind",7,6,4,"max",1.31322766821979,1.117172750593
"ecemf-policy","Primary Energy|Wind",7,6,4,"median",1.39299651150628,0.865997399608915
"ecemf-policy","Primary Energy|Wind",7,6,4,"range",1.32193891975537,0.972592734543012
"ecemf-policy","Primary Energy|Wind",7,6,4,"mean",0.735964110804344,0.614636297152859
"ecemf-policy","Primary Energy|Wind",7,6,4,"iqr",1.15052101615606,0.63205408199011
